"OBJECTID,N,10,0","NAME,C,80","STATUS,C,50","WATERSHED,C,50","COUNCIL_DI,C,5","PRIMARY_FE,C,50","SW_TREE_TR,C,50","SW_PLANTER,C,50","SW_BUMPOUT,C,50","RAIN_GARDE,C,50","SW_BASIN,C,50","INFILTRATI,C,50","POROUS_PAV,C,50","SWALE,C,50","SW_WETLAND,C,50","CISTERN_RA,C,50","GREEN_ROOF,C,50","OTHER,C,50","LINK,C,254","LONGITUDE,N,19,8","LATITUDE,N,19,8","LINK_1,C,100","LINK_2,C,100"
837,Safe Routes to Schools,In Design,Schuylkill River Watershed,"3,4",Stormwater Bumpout,$,$,Stormwater Bumpout,$,$,$,$,$,$,$,$,$,http://www.phillywatersheds.org/what_were_doing/green_infrastructure/tools/stormwater_bumpout,-75.21633000,39.98279800,http://www.phillywatersheds.org/what_were_doing/,green_infrastructure/tools/stormwater_bumpout
838,Safe Routes to Schools,In Design,Schuylkill River Watershed,"3,4",Stormwater Bumpout,$,$,Stormwater Bumpout,$,$,$,$,$,$,$,$,$,http://www.phillywatersheds.org/what_were_doing/green_infrastructure/tools/stormwater_bumpout,-75.23187500,39.98587300,http://www.phillywatersheds.org/what_were_doing/,green_infrastructure/tools/stormwater_bumpout
839,Safe Routes to Schools,In Design,Darby Cobbs Watershed,"3,4",Stormwater Bumpout,$,$,Stormwater Bumpout,$,$,$,$,$,$,$,$,$,http://www.phillywatersheds.org/what_were_doing/green_infrastructure/tools/stormwater_bumpout,-75.26846300,39.97572600,http://www.phillywatersheds.org/what_were_doing/,green_infrastructure/tools/stormwater_bumpout
840,Safe Routes to Schools,In Design,Darby Cobbs Watershed,"3,4",Stormwater Bumpout,$,$,Stormwater Bumpout,$,$,$,$,$,$,$,$,$,http://www.phillywatersheds.org/what_were_doing/green_infrastructure/tools/stormwater_bumpout,-75.25189800,39.97463200,http://www.phillywatersheds.org/what_were_doing/,green_infrastructure/tools/stormwater_bumpout
841,Safe Routes to Schools,In Design,Schuylkill River Watershed,"3,4",Stormwater Bumpout,$,$,Stormwater Bumpout,$,$,$,$,$,$,$,$,$,http://www.phillywatersheds.org/what_were_doing/green_infrastructure/tools/stormwater_bumpout,-75.22891400,39.98585000,http://www.phillywatersheds.org/what_were_doing/,green_infrastructure/tools/stormwater_bumpout
842,Safe Routes to Schools,In Design,Darby Cobbs Watershed,"3,4",Stormwater Bumpout,$,$,Stormwater Bumpout,$,$,$,$,$,$,$,$,$,http://www.phillywatersheds.org/what_were_doing/green_infrastructure/tools/stormwater_bumpout,-75.24930800,39.97494000,http://www.phillywatersheds.org/what_were_doing/,green_infrastructure/tools/stormwater_bumpout
843,Safe Routes to Schools,In Design,Darby Cobbs Watershed,"3,4",Stormwater Bumpout,$,$,Stormwater Bumpout,$,$,$,$,$,$,$,$,$,http://www.phillywatersheds.org/what_were_doing/green_infrastructure/tools/stormwater_bumpout,-75.26556400,39.97564400,http://www.phillywatersheds.org/what_were_doing/,green_infrastructure/tools/stormwater_bumpout
844,Safe Routes to Schools,In Design,Schuylkill River Watershed,"3,4",Stormwater Bumpout,$,$,Stormwater Bumpout,$,$,$,$,$,$,$,$,$,http://www.phillywatersheds.org/what_were_doing/green_infrastructure/tools/stormwater_bumpout,-75.23111700,39.98768500,http://www.phillywatersheds.org/what_were_doing/,green_infrastructure/tools/stormwater_bumpout
845,Safe Routes to Schools,In Design,Schuylkill River Watershed,"3,4",Stormwater Bumpout,$,$,Stormwater Bumpout,$,$,$,$,$,$,$,$,$,http://www.phillywatersheds.org/what_were_doing/green_infrastructure/tools/stormwater_bumpout,-75.22980800,39.99168400,http://www.phillywatersheds.org/what_were_doing/,green_infrastructure/tools/stormwater_bumpout
846,Samuel B. Huey Elementary School,In Design,Darby Cobbs Watershed,3,Stormwater Tree Trench,Stormwater Tree Trench,$,$,$,$,$,$,$,$,$,$,$,http://www.phillywatersheds.org/what_were_doing/green_infrastructure/tools/stormwater_tree_trench,-75.22733886,39.95337831,http://www.phillywatersheds.org/what_were_doing/,green_infrastructure/tools/stormwater_tree_trench
847,Saylor Grove,Constructed,Wissahickon Creek Watershed,4,Stormwater Wetland,$,$,$,$,$,$,$,$,Stormwater Wetland,$,$,$,http://www.phillywatersheds.org/what_were_doing/green_infrastructure/projects/saylor_grove,-75.18619433,40.02946998,http://www.phillywatersheds.org/what_were_doing/,green_infrastructure/projects/saylor_grove
848,Sayre High School,In Design,Darby Cobbs Watershed,3,Stormwater Tree Trench,Stormwater Tree Trench,$,$,$,$,Infiltration Storage Trench,$,$,$,$,$,$,http://www.phillywatersheds.org/what_were_doing/green_infrastructure/tools/stormwater_tree_trench,-75.23859230,39.95801206,http://www.phillywatersheds.org/what_were_doing/,green_infrastructure/tools/stormwater_tree_trench
849,School of the Future,Constructed,Schuylkill River Watershed,4,Green Roof,$,$,$,$,$,$,Porous Paving,$,$,Cistern or Rain Barrel,Green Roof,$,http://www.phillywatersheds.org/what_were_doing/green_infrastructure/projects/school_of_the_future,-75.20348900,39.97516600,http://www.phillywatersheds.org/what_were_doing/,green_infrastructure/projects/school_of_the_future
850,Sedgwick Station,In Design,Tookany-Tacony/Frankford Creek Watershed,8,Stormwater Bumpout,$,$,Stormwater Bumpout,$,$,$,$,$,$,$,$,$,http://www.phillywatersheds.org/what_were_doing/green_infrastructure/tools/stormwater_bumpout,-75.18583274,40.06321549,http://www.phillywatersheds.org/what_were_doing/,green_infrastructure/tools/stormwater_bumpout
851,Sepviva St from Susquehanna Ave to Dauphin St,Constructed,Delaware River Watershed,1,Infiltration/Storage Trench,$,$,$,$,$,Infiltration Storage Trench,$,$,$,$,$,$,http://www.phillywatersheds.org/what_were_doing/green_infrastructure/tools/infiltration_storage_trench,-75.12850089,39.97950780,http://www.phillywatersheds.org/what_were_doing/,green_infrastructure/tools/infiltration_storage_trench
852,Sharswood School and Our Lady of Carmel School,In Design,Delaware River Watershed,1,Stormwater Tree Trench,Stormwater Tree Trench,$,$,$,$,$,$,$,$,$,$,$,http://www.phillywatersheds.org/what_were_doing/green_infrastructure/tools/stormwater_tree_trench,-75.15161900,39.91887300,http://www.phillywatersheds.org/what_were_doing/,green_infrastructure/tools/stormwater_tree_trench
853,Shepard Recreation Center,In Design,Darby Cobbs Watershed,3,Stormwater Bumpout,Stormwater Tree Trench,Stormwater Planter,Stormwater Bumpout,$,$,$,$,$,$,$,$,$,http://www.phillywatersheds.org/what_were_doing/green_infrastructure/tools/stormwater_bumpout,-75.23560863,39.95536867,http://www.phillywatersheds.org/what_were_doing/,green_infrastructure/tools/stormwater_bumpout
854,Shissler Playground,Constructed,Delaware River Watershed,7,Stormwater Tree Trench,Stormwater Tree Trench,$,$,$,$,$,$,$,$,$,$,$,http://www.phillywatersheds.org/what_were_doing/green_infrastructure/tools/stormwater_tree_trench,-75.13191087,39.97809808,http://www.phillywatersheds.org/what_were_doing/,green_infrastructure/tools/stormwater_tree_trench
855,Simons Recreation Center,In Design,Tookany-Tacony/Frankford Creek Watershed,9,Stormwater Tree Trench,Stormwater Tree Trench,$,$,$,$,$,$,$,$,$,$,$,http://www.phillywatersheds.org/what_were_doing/green_infrastructure/tools/stormwater_tree_trench,-75.15807911,40.06092526,http://www.phillywatersheds.org/what_were_doing/,green_infrastructure/tools/stormwater_tree_trench
856,Sister Clara Muhammad School,In Design,Schuylkill River Watershed,3,Stormwater Tree Trench,Stormwater Tree Trench,$,$,$,$,$,$,$,$,$,$,$,http://www.phillywatersheds.org/what_were_doing/green_infrastructure/tools/stormwater_tree_trench,-75.21617152,39.96978624,http://www.phillywatersheds.org/what_were_doing/,green_infrastructure/tools/stormwater_tree_trench
857,Skevchenko Park,In Design,Tookany-Tacony/Frankford Creek Watershed,9,Stormwater Bumpout,$,$,Stormwater Bumpout,$,$,$,$,$,$,$,$,$,http://www.phillywatersheds.org/what_were_doing/green_infrastructure/tools/stormwater_bumpout,-75.14500400,40.03589500,http://www.phillywatersheds.org/what_were_doing/,green_infrastructure/tools/stormwater_bumpout
858,Smith Elementary School,In Design,Schuylkill River Watershed,2,Stormwater Tree Trench,Stormwater Tree Trench,$,$,$,$,$,$,$,$,$,$,$,http://www.phillywatersheds.org/what_were_doing/green_infrastructure/tools/stormwater_tree_trench,-75.17596727,39.93466296,http://www.phillywatersheds.org/what_were_doing/,green_infrastructure/tools/stormwater_tree_trench
859,Southwark School,In Design,Delaware River Watershed,1,Stormwater Tree Trench,Stormwater Tree Trench,$,$,$,$,$,$,$,$,$,$,$,http://www.phillywatersheds.org/what_were_doing/green_infrastructure/tools/stormwater_tree_trench,-75.15921170,39.92572077,http://www.phillywatersheds.org/what_were_doing/,green_infrastructure/tools/stormwater_tree_trench
860,Southwest Treatment Plant Parking Lot,In Design,Delaware River Watershed,2,Porous Paving,$,$,$,$,$,$,Porous Paving,$,$,$,$,$,http://www.phillywatersheds.org/what_were_doing/green_infrastructure/tools/porous_paving,-75.22175600,39.88381200,http://www.phillywatersheds.org/what_were_doing/,green_infrastructure/tools/porous_paving
861,Springfield Ave and Cobbs Creek Island,In Design,Darby Cobbs Watershed,2,Rain Garden,$,$,$,Rain Garden,$,$,$,$,$,$,$,$,http://www.phillywatersheds.org/what_were_doing/green_infrastructure/tools/rain_garden,-75.23517631,39.93477571,http://www.phillywatersheds.org/what_were_doing/,green_infrastructure/tools/rain_garden
862,Springside School,Constructed,Wissahickon Creek Watershed,8,Rain Garden,$,$,$,Rain Garden,$,$,$,$,$,$,$,$,http://www.phillywatersheds.org/what_were_doing/green_infrastructure/projects/springside_school,-75.21389645,40.06040377,http://www.phillywatersheds.org/what_were_doing/,green_infrastructure/projects/springside_school
863,St Thomas Aquinas School,In Design,Schuylkill River Watershed,2,Stormwater Tree Trench,Stormwater Tree Trench,$,$,$,$,Infiltration Storage Trench,$,$,$,$,$,$,http://www.phillywatersheds.org/what_were_doing/green_infrastructure/tools/stormwater_tree_trench,-75.17414012,39.93038986,http://www.phillywatersheds.org/what_were_doing/,green_infrastructure/tools/stormwater_tree_trench
864,St. Dominic School,In Design,Pennypack Creek Watershed,10,Stormwater Tree Trench,Stormwater Tree Trench,$,$,$,$,$,$,$,$,$,$,$,http://www.phillywatersheds.org/what_were_doing/green_infrastructure/tools/stormwater_tree_trench,-75.01621600,40.04592400,http://www.phillywatersheds.org/what_were_doing/,green_infrastructure/tools/stormwater_tree_trench
890,West Mill Creek Farm Swales,Constructed,Schuylkill River Watershed,3,Rain Garden,$,$,$,Rain Garden,$,$,$,Swale,$,$,$,$,http://www.phillywatersheds.org/what_were_doing/green_infrastructure/projects/mill_creek_farm,-75.21860927,39.96634439,http://www.phillywatersheds.org/what_were_doing/,green_infrastructure/projects/mill_creek_farm
891,West Mill Creek Recreation Center,Constructed,Schuylkill River Watershed,3,Stormwater Tree Trench,Stormwater Tree Trench,$,$,$,$,$,$,$,$,$,$,$,http://www.phillywatersheds.org/what_were_doing/green_infrastructure/projects/mill_creek_tree_trench,-75.22294313,39.96732255,http://www.phillywatersheds.org/what_were_doing/,green_infrastructure/projects/mill_creek_tree_trench
892,Westmoreland and Tulip,In Design,Delaware River Watershed,1,Stormwater Tree Trench,Stormwater Tree Trench,$,$,$,$,$,$,$,$,$,$,$,http://www.phillywatersheds.org/what_were_doing/green_infrastructure/tools/stormwater_tree_trench,-75.10489400,39.99092300,http://www.phillywatersheds.org/what_were_doing/,green_infrastructure/tools/stormwater_tree_trench
893,William Cramp School,In Design,Delaware River Watershed,7,Other,$,$,$,$,$,$,$,$,$,$,$,$,http://www.phillywatersheds.org/what_were_doing/green_infrastructure/tools,-75.13005400,40.00238000,http://www.phillywatersheds.org/what_were_doing/,green_infrastructure/tools
894,William Cramp School,In Design,Delaware River Watershed,7,Stormwater Tree Trench,Stormwater Tree Trench,$,$,$,$,$,$,$,$,$,$,$,http://www.phillywatersheds.org/what_were_doing/green_infrastructure/tools/stormwater_tree_trench,-75.13007855,40.00206510,http://www.phillywatersheds.org/what_were_doing/,green_infrastructure/tools/stormwater_tree_trench
895,William Dick Elementary,In Design,Delaware River Watershed,5,Rain Garden,Stormwater Tree Trench,$,$,Rain Garden,$,$,$,$,$,$,$,$,http://www.phillywatersheds.org/what_were_doing/green_infrastructure/tools/rain_garden,-75.17395000,39.98643000,http://www.phillywatersheds.org/what_were_doing/,green_infrastructure/tools/rain_garden
896,William Gray Youth Center,In Design,Delaware River Watershed,5,Stormwater Tree Trench,Stormwater Tree Trench,$,$,$,$,$,$,$,$,$,$,$,http://www.phillywatersheds.org/what_were_doing/green_infrastructure/tools/stormwater_tree_trench,-75.15387261,39.97773800,http://www.phillywatersheds.org/what_were_doing/,green_infrastructure/tools/stormwater_tree_trench
897,William Harrity School,In Design,Darby Cobbs Watershed,3,Stormwater Tree Trench,Stormwater Tree Trench,$,$,$,$,$,$,$,$,$,$,$,http://www.phillywatersheds.org/what_were_doing/green_infrastructure/tools/stormwater_tree_trench,-75.23611020,39.94890810,http://www.phillywatersheds.org/what_were_doing/,green_infrastructure/tools/stormwater_tree_trench
898,Wilson Park (Smith Playground),In Design,Schuylkill River Watershed,2,Stormwater Tree Trench,Stormwater Tree Trench,$,$,$,$,$,$,$,$,$,$,$,http://www.phillywatersheds.org/what_were_doing/green_infrastructure/tools/stormwater_tree_trench,-75.18660904,39.92528443,http://www.phillywatersheds.org/what_were_doing/,green_infrastructure/tools/stormwater_tree_trench
899,Windrim Ave from Wayne Ave to Germantown Ave,In Design,Tookany-Tacony/Frankford Creek Watershed,8,Stormwater Bumpout,Stormwater Tree Trench,$,Stormwater Bumpout,$,$,$,$,$,$,$,$,$,http://www.phillywatersheds.org/what_were_doing/green_infrastructure/tools/stormwater_bumpout,-75.15950224,40.02234323,http://www.phillywatersheds.org/what_were_doing/,green_infrastructure/tools/stormwater_bumpout
900,Wissahickon Charter School,Constructed,Schuylkill River Watershed,4,Rain Garden,$,$,$,Rain Garden,$,$,$,$,$,$,$,$,http://www.phillywatersheds.org/what_were_doing/green_infrastructure/projects/wissahickon_charter,-75.17245731,40.01566736,http://www.phillywatersheds.org/what_were_doing/,green_infrastructure/projects/wissahickon_charter
901,Wister Woods Park,In Design,Tookany-Tacony/Frankford Creek Watershed,8,Stormwater Basin,$,$,$,$,Stormwater Basin,$,$,$,$,$,$,$,http://www.phillywatersheds.org/what_were_doing/green_infrastructure/tools/stormwater_basin,-75.15573676,40.03613344,http://www.phillywatersheds.org/what_were_doing/,green_infrastructure/tools/stormwater_basin
902,Womrath Park,In Design,Tookany-Tacony/Frankford Creek Watershed,7,Rain Garden,$,$,$,Rain Garden,$,$,$,Swale,$,$,$,$,http://www.phillywatersheds.org/what_were_doing/green_infrastructure/projects/womrath_park,-75.09061133,40.00861634,http://www.phillywatersheds.org/what_were_doing/,green_infrastructure/projects/womrath_park
903,Woodland Ave (Tiger III),In Design,Schuylkill River Watershed,2 & 3,Stormwater Tree Trench,Stormwater Tree Trench,$,$,$,$,$,$,$,$,$,$,$,http://www.phillywatersheds.org/what_were_doing/green_infrastructure/tools/stormwater_tree_trench,-75.22900000,39.92900000,http://www.phillywatersheds.org/what_were_doing/,green_infrastructure/tools/stormwater_tree_trench
870,Tacony Creek Reaches 4/5,In Design,Tookany-Tacony/Frankford Creek Watershed,7,Rain Garden,$,$,$,Rain Garden,$,$,$,Swale,$,$,$,$,http://www.phillywatersheds.org/what_were_doing/green_infrastructure/tools/rain_garden,-75.10451300,40.01992400,http://www.phillywatersheds.org/what_were_doing/,green_infrastructure/tools/rain_garden
871,Taggert School,In Design,Delaware River Watershed,1,Stormwater Tree Trench,Stormwater Tree Trench,$,$,$,$,$,$,$,$,$,$,$,http://www.phillywatersheds.org/what_were_doing/green_infrastructure/tools/stormwater_tree_trench,-75.15543212,39.91707048,http://www.phillywatersheds.org/what_were_doing/,green_infrastructure/tools/stormwater_tree_trench
872,Thompson St and Columbia Ave,In Design,Delaware River Watershed,5,Stormwater Bumpout,Stormwater Tree Trench,$,Stormwater Bumpout,$,$,Infiltration Storage Trench,$,$,$,$,$,$,http://www.phillywatersheds.org/what_were_doing/green_infrastructure/tools/stormwater_bumpout,-75.13124078,39.97165193,http://www.phillywatersheds.org/what_were_doing/,green_infrastructure/tools/stormwater_bumpout
873,"Thompson, Conestoga",In Design,Schuylkill River Watershed,"4,3",Stormwater Tree Trench,Stormwater Tree Trench,$,$,$,$,$,$,$,$,$,$,$,http://www.phillywatersheds.org/what_were_doing/green_infrastructure/tools/stormwater_tree_trench,-75.23009600,39.97313300,http://www.phillywatersheds.org/what_were_doing/,green_infrastructure/tools/stormwater_tree_trench
874,"Thompson, Conestoga",In Design,Schuylkill River Watershed,"4,3",Stormwater Tree Trench,Stormwater Tree Trench,$,$,$,$,$,$,$,$,$,$,$,http://www.phillywatersheds.org/what_were_doing/green_infrastructure/tools/stormwater_tree_trench,-75.22340100,39.97326400,http://www.phillywatersheds.org/what_were_doing/,green_infrastructure/tools/stormwater_tree_trench
875,Towey Recreation Center,In Design,Delaware River Watershed,7,Stormwater Tree Trench,Stormwater Tree Trench,$,$,$,$,$,$,$,$,$,$,$,http://www.phillywatersheds.org/what_were_doing/green_infrastructure/tools/stormwater_tree_trench,-75.13511921,39.97852158,http://www.phillywatersheds.org/what_were_doing/,green_infrastructure/tools/stormwater_tree_trench
876,Trenton Ave and Norris St,In Design,Delaware River Watershed,1,Rain Garden,Stormwater Tree Trench,$,$,Rain Garden,$,Infiltration Storage Trench,$,$,$,$,$,$,http://www.phillywatersheds.org/what_were_doing/green_infrastructure/tools/rain_garden,-75.13181409,39.97956072,http://www.phillywatersheds.org/what_were_doing/,green_infrastructure/tools/rain_garden
877,Union Hill,Constructed,Schuylkill River Watershed,3,Stormwater Tree Trench,Stormwater Tree Trench,$,$,$,$,$,$,$,$,$,$,Other Project,http://www.phillywatersheds.org/what_were_doing/green_infrastructure/tools/stormwater_tree_trench,-75.20170806,39.96586978,http://www.phillywatersheds.org/what_were_doing/,green_infrastructure/tools/stormwater_tree_trench
878,Upland Way,In Design,Schuylkill River Watershed,4,Stormwater Tree Trench,Stormwater Tree Trench,$,$,$,$,$,$,$,$,$,$,$,http://www.phillywatersheds.org/what_were_doing/green_infrastructure/tools/stormwater_tree_trench,-75.24154400,39.98534700,http://www.phillywatersheds.org/what_were_doing/,green_infrastructure/tools/stormwater_tree_trench
879,Vacant Land - 2301 Gratz Street,Constructed,Delaware River Watershed,5,Other,$,$,$,$,$,$,$,$,$,$,$,Other Project,http://www.phillywatersheds.org/what_were_doing/green_infrastructure/tools,-75.16312287,39.98890072,http://www.phillywatersheds.org/what_were_doing/,green_infrastructure/tools
880,Vacant Land - 3rd and Norris Streets,Constructed,Delaware River Watershed,7,Other,$,$,$,$,$,$,$,$,$,$,$,Other Project,http://www.phillywatersheds.org/what_were_doing/green_infrastructure/tools,-75.13969203,39.98098006,http://www.phillywatersheds.org/what_were_doing/,green_infrastructure/tools
881,Vacant Land - 5th and Norris Streets,Constructed,Delaware River Watershed,7,Other,$,$,$,$,$,$,$,$,$,$,$,Other Project,http://www.phillywatersheds.org/what_were_doing/green_infrastructure/tools,-75.14254675,39.98134637,http://www.phillywatersheds.org/what_were_doing/,green_infrastructure/tools
882,Vacant Land - 7th St and Germantown Ave,Constructed,Delaware River Watershed,5,Other,$,$,$,$,$,$,$,$,$,$,$,Other Project,http://www.phillywatersheds.org/what_were_doing/green_infrastructure/tools,-75.14512691,39.98648618,http://www.phillywatersheds.org/what_were_doing/,green_infrastructure/tools
883,Wagner Louis Middle School,In Design,Tookany-Tacony/Frankford Creek Watershed,8,Stormwater Tree Trench,Stormwater Tree Trench,$,$,$,$,$,$,$,$,$,$,$,http://www.phillywatersheds.org/what_were_doing/green_infrastructure/tools/stormwater_tree_trench,-75.14767900,40.05179500,http://www.phillywatersheds.org/what_were_doing/,green_infrastructure/tools/stormwater_tree_trench
884,Wakefield Park,In Design,Tookany-Tacony/Frankford Creek Watershed,8,Rain Garden,$,$,$,Rain Garden,$,$,$,$,$,$,$,$,http://www.phillywatersheds.org/what_were_doing/green_infrastructure/tools/rain_garden,-75.15063659,40.03336282,http://www.phillywatersheds.org/what_were_doing/,green_infrastructure/tools/rain_garden
885,Wakisha Charter School,In Design,Delaware River Watershed,5,Stormwater Tree Trench,Stormwater Tree Trench,$,$,$,$,$,$,$,$,$,$,$,http://www.phillywatersheds.org/what_were_doing/green_infrastructure/tools/stormwater_tree_trench,-75.15071962,39.97410429,http://www.phillywatersheds.org/what_were_doing/,green_infrastructure/tools/stormwater_tree_trench
886,Warrington - 54th to 55th,In Design,Darby Cobbs Watershed,3,Stormwater Bumpout,$,$,Stormwater Bumpout,$,$,$,$,$,$,$,$,$,http://www.phillywatersheds.org/what_were_doing/green_infrastructure/tools/stormwater_bumpout,-75.22688700,39.94091900,http://www.phillywatersheds.org/what_were_doing/,green_infrastructure/tools/stormwater_bumpout
887,Waterview Recreation Center,Constructed,Tookany-Tacony/Frankford Creek Watershed,8,Stormwater Planter,Stormwater Tree Trench,Stormwater Planter,$,$,$,$,Porous Paving,$,$,$,$,$,http://www.phillywatersheds.org/what_were_doing/green_infrastructure/projects/waterview_recreation,-75.16834496,40.04532863,http://www.phillywatersheds.org/what_were_doing/,green_infrastructure/projects/waterview_recreation
888,Wayne Ave and Abbottsford Ave,In Design,Tookany-Tacony/Frankford Creek Watershed,8,Stormwater Tree Trench,Stormwater Tree Trench,$,$,$,$,$,$,$,$,$,$,$,http://www.phillywatersheds.org/what_were_doing/green_infrastructure/tools/stormwater_tree_trench,-75.16467002,40.02410836,http://www.phillywatersheds.org/what_were_doing/,green_infrastructure/tools/stormwater_tree_trench
889,Welsh School,In Design,Delaware River Watershed,7,Rain Garden,Stormwater Tree Trench,$,$,Rain Garden,$,$,$,$,$,$,$,$,http://www.phillywatersheds.org/what_were_doing/green_infrastructure/tools/rain_garden,-75.13954160,39.98639546,http://www.phillywatersheds.org/what_were_doing/,green_infrastructure/tools/rain_garden
793,Montgomery Ave and Shissler Parking Lot,Constructed,Delaware River Watershed,7,Stormwater Tree Trench,Stormwater Tree Trench,$,$,$,$,Infiltration Storage Trench,$,$,$,$,$,$,http://www.phillywatersheds.org/what_were_doing/green_infrastructure/tools/stormwater_tree_trench,-75.13211338,39.97687647,http://www.phillywatersheds.org/what_were_doing/,green_infrastructure/tools/stormwater_tree_trench
794,Mormon Temple,In Design,Schuylkill River Watershed,5,Stormwater Tree Trench,Stormwater Tree Trench,$,$,$,$,Infiltration Storage Trench,$,$,$,$,$,Other Project,http://www.phillywatersheds.org/what_were_doing/green_infrastructure/tools/stormwater_tree_trench,-75.16787800,39.95911100,http://www.phillywatersheds.org/what_were_doing/,green_infrastructure/tools/stormwater_tree_trench
795,Morris Leeds Middle School,In Design,Tookany-Tacony/Frankford Creek Watershed,9,Stormwater Tree Trench,Stormwater Tree Trench,$,$,$,$,$,$,$,$,$,$,$,http://www.phillywatersheds.org/what_were_doing/green_infrastructure/tools/stormwater_tree_trench,-75.17482999,40.07094009,http://www.phillywatersheds.org/what_were_doing/,green_infrastructure/tools/stormwater_tree_trench
796,Mother Mary of Peace School,In Design,Schuylkill River Watershed,2,Stormwater Tree Trench,Stormwater Tree Trench,$,$,$,$,$,$,$,$,$,$,$,http://www.phillywatersheds.org/what_were_doing/green_infrastructure/tools/stormwater_tree_trench,-75.22663400,39.92209400,http://www.phillywatersheds.org/what_were_doing/,green_infrastructure/tools/stormwater_tree_trench
797,Mt. Airy School of God in Christ,In Design,Tookany-Tacony/Frankford Creek Watershed,8,Stormwater Tree Trench,Stormwater Tree Trench,$,$,$,$,$,$,$,$,$,$,$,http://www.phillywatersheds.org/what_were_doing/green_infrastructure/tools/stormwater_tree_trench,-75.14916700,40.05223200,http://www.phillywatersheds.org/what_were_doing/,green_infrastructure/tools/stormwater_tree_trench
798,Muhammed Square,In Design,Schuylkill River Watershed,3,Stormwater Tree Trench,Stormwater Tree Trench,$,$,$,$,$,$,$,$,$,$,$,http://www.phillywatersheds.org/what_were_doing/green_infrastructure/tools/stormwater_tree_trench,-75.21670325,39.97125895,http://www.phillywatersheds.org/what_were_doing/,green_infrastructure/tools/stormwater_tree_trench
799,National Cemetery,In Design,Tookany-Tacony/Frankford Creek Watershed,9,Stormwater Tree Trench,Stormwater Tree Trench,$,$,$,$,$,$,$,$,$,$,$,http://www.phillywatersheds.org/what_were_doing/green_infrastructure/tools/stormwater_tree_trench,-75.15496700,40.05853400,http://www.phillywatersheds.org/what_were_doing/,green_infrastructure/tools/stormwater_tree_trench
800,Old Cathedral Cemetary,In Design,Schuylkill River Watershed,3,Stormwater Tree Trench,Stormwater Tree Trench,$,$,$,$,$,$,$,$,$,$,$,http://www.phillywatersheds.org/what_were_doing/green_infrastructure/tools/stormwater_tree_trench,-75.22082759,39.97122748,http://www.phillywatersheds.org/what_were_doing/,green_infrastructure/tools/stormwater_tree_trench
801,Ontario St from A St to 6th St,In Design,Delaware River Watershed,7,Stormwater Tree Trench,Stormwater Tree Trench,$,$,$,$,$,$,$,$,$,$,$,http://www.phillywatersheds.org/what_were_doing/green_infrastructure/tools/stormwater_tree_trench,-75.12770900,40.00151700,http://www.phillywatersheds.org/what_were_doing/,green_infrastructure/tools/stormwater_tree_trench
802,Overbrook Elementary,In Design,Schuylkill River Watershed,4,Stormwater Tree Trench,Stormwater Tree Trench,$,$,$,$,$,$,$,$,$,$,$,http://www.phillywatersheds.org/what_were_doing/green_infrastructure/tools/stormwater_tree_trench,-75.24551511,39.98184537,http://www.phillywatersheds.org/what_were_doing/,green_infrastructure/tools/stormwater_tree_trench
803,Palmer St from Frankford Ave to Blair St (Shissler),Constructed,Delaware River Watershed,7,Stormwater Tree Trench,Stormwater Tree Trench,$,$,$,$,$,$,$,$,$,$,$,http://www.phillywatersheds.org/what_were_doing/green_infrastructure/tools/stormwater_tree_trench,-75.13287369,39.97565512,http://www.phillywatersheds.org/what_were_doing/,green_infrastructure/tools/stormwater_tree_trench
804,Panati Playground,In Design,Delaware River Watershed,8,Rain Garden,Stormwater Tree Trench,$,$,Rain Garden,$,$,$,$,$,$,$,$,http://www.phillywatersheds.org/what_were_doing/green_infrastructure/tools/rain_garden,-75.16633300,40.00180300,http://www.phillywatersheds.org/what_were_doing/,green_infrastructure/tools/rain_garden
805,Park Ave,In Design,Delaware River Watershed,5,Stormwater Tree Trench,Stormwater Tree Trench,$,$,$,$,$,$,$,$,$,$,$,http://www.phillywatersheds.org/what_were_doing/green_infrastructure/tools/stormwater_tree_trench,-75.15471726,39.98526618,http://www.phillywatersheds.org/what_were_doing/,green_infrastructure/tools/stormwater_tree_trench
806,"Parking Lot - 12th St, Marvine St, and Diamond St",In Design,Delaware River Watershed,5,Stormwater Tree Trench,Stormwater Tree Trench,$,$,$,$,$,$,$,$,$,$,$,http://www.phillywatersheds.org/what_were_doing/green_infrastructure/tools/stormwater_tree_trench,-75.15260257,39.98341308,http://www.phillywatersheds.org/what_were_doing/,green_infrastructure/tools/stormwater_tree_trench
807,Passyunk Ave,In Design,Schuylkill River Watershed,2,Stormwater Bumpout,$,$,Stormwater Bumpout,$,$,$,$,$,$,$,$,$,http://www.phillywatersheds.org/what_were_doing/green_infrastructure/tools/stormwater_bumpout,-75.21587677,39.91715662,http://www.phillywatersheds.org/what_were_doing/,green_infrastructure/tools/stormwater_bumpout
808,Passyunk Ave,In Design,Schuylkill River Watershed,2,Stormwater Bumpout,$,$,Stormwater Bumpout,$,$,$,$,$,$,$,$,$,http://www.phillywatersheds.org/what_were_doing/green_infrastructure/tools/stormwater_bumpout,-75.19371174,39.92102049,http://www.phillywatersheds.org/what_were_doing/,green_infrastructure/tools/stormwater_bumpout
809,Passyunk Ave,In Design,Schuylkill River Watershed,2,Stormwater Bumpout,$,$,Stormwater Bumpout,$,$,$,$,$,$,$,$,$,http://www.phillywatersheds.org/what_were_doing/green_infrastructure/tools/stormwater_bumpout,-75.20887409,39.91846949,http://www.phillywatersheds.org/what_were_doing/,green_infrastructure/tools/stormwater_bumpout
810,Passyunk Ave from Dickinson St To Reed St,In Design,Delaware River Watershed,1,Stormwater Planter,$,Stormwater Planter,$,$,$,Infiltration Storage Trench,$,$,$,$,$,$,http://www.phillywatersheds.org/what_were_doing/green_infrastructure/tools/stormwater-planter,-75.16200500,39.93106400,http://www.phillywatersheds.org/what_were_doing/,green_infrastructure/tools/stormwater-planter
811,Patterson School,In Design,Schuylkill River Watershed,2,Stormwater Tree Trench,Stormwater Tree Trench,$,$,$,$,$,$,$,$,$,$,$,http://www.phillywatersheds.org/what_were_doing/green_infrastructure/tools/stormwater_tree_trench,-75.23669000,39.91617700,http://www.phillywatersheds.org/what_were_doing/,green_infrastructure/tools/stormwater_tree_trench
812,Patton - Turner to Cecil B Moore,In Design,Schuylkill River Watershed,5,Stormwater Tree Trench,Stormwater Tree Trench,$,$,$,$,$,$,$,$,$,$,$,http://www.phillywatersheds.org/what_were_doing/green_infrastructure/tools/stormwater_tree_trench,-75.18613300,39.98199700,http://www.phillywatersheds.org/what_were_doing/,green_infrastructure/tools/stormwater_tree_trench
813,Penn Alexander School,Constructed,Schuylkill River Watershed,3,Rain Garden,$,$,$,Rain Garden,$,Infiltration Storage Trench,Porous Paving,$,$,$,$,$,http://www.phillywatersheds.org/what_were_doing/green_infrastructure/tools/rain_garden,-75.20820402,39.95316892,http://www.phillywatersheds.org/what_were_doing/,green_infrastructure/tools/rain_garden
814,Pennypack Park,Constructed,Pennypack Creek Watershed,10,Stormwater Wetland,$,$,$,$,$,$,Porous Paving,$,Stormwater Wetland,$,$,$,http://www.phillywatersheds.org/what_were_doing/green_infrastructure/tools/stormwater_wetland,-75.06207000,40.08526100,http://www.phillywatersheds.org/what_were_doing/,green_infrastructure/tools/stormwater_wetland
815,Pennypacker School,In Design,Tookany-Tacony/Frankford Creek Watershed,9,Stormwater Tree Trench,Stormwater Tree Trench,$,$,$,$,$,$,$,$,$,$,$,http://www.phillywatersheds.org/what_were_doing/green_infrastructure/tools/stormwater_tree_trench,-75.15891200,40.06525100,http://www.phillywatersheds.org/what_were_doing/,green_infrastructure/tools/stormwater_tree_trench
816,Percy St from Catharine St to Christian St,Constructed,Delaware River Watershed,1,Porous Paving,$,$,$,$,$,$,Porous Paving,$,$,$,$,$,http://www.phillywatersheds.org/what_were_doing/green_infrastructure/tools/porous_paving,-75.15819864,39.93945940,http://www.phillywatersheds.org/what_were_doing/,green_infrastructure/tools/porous_paving
817,Philadelphia Military Academy,In Design,Delaware River Watershed,5,Stormwater Tree Trench,Stormwater Tree Trench,$,$,$,$,$,$,$,$,$,$,$,http://www.phillywatersheds.org/what_were_doing/green_infrastructure/tools/stormwater_tree_trench,-75.15471726,39.98526618,http://www.phillywatersheds.org/what_were_doing/,green_infrastructure/tools/stormwater_tree_trench
818,Philadelphia Zoo,In Design,Schuylkill River Watershed,4,Stormwater Planter,$,Stormwater Planter,$,Rain Garden,$,Infiltration Storage Trench,$,$,$,$,$,$,http://www.phillywatersheds.org/what_were_doing/green_infrastructure/tools/stormwater-planter,-75.20060200,39.97480200,http://www.phillywatersheds.org/what_were_doing/,green_infrastructure/tools/stormwater-planter
819,Philadelphia Zoo,In Design,Schuylkill River Watershed,4,Stormwater Planter,$,Stormwater Planter,$,Rain Garden,$,Infiltration Storage Trench,$,$,$,$,$,$,http://www.phillywatersheds.org/what_were_doing/green_infrastructure/tools/stormwater-planter,-75.19774800,39.97475500,http://www.phillywatersheds.org/what_were_doing/,green_infrastructure/tools/stormwater-planter
820,Pleasant Playground,In Design,Tookany-Tacony/Frankford Creek Watershed,8,Stormwater Tree Trench,Stormwater Tree Trench,$,$,$,$,$,$,$,$,$,$,$,http://www.phillywatersheds.org/what_were_doing/green_infrastructure/tools/stormwater_tree_trench,-75.18286659,40.05668141,http://www.phillywatersheds.org/what_were_doing/,green_infrastructure/tools/stormwater_tree_trench
821,Police Forensic Center,Constructed,Delaware River Watershed,5,Rain Garden,$,$,$,Rain Garden,$,$,$,$,$,$,$,$,http://www.phillywatersheds.org/what_were_doing/green_infrastructure/projects/police_forensic,-75.15010476,39.96741134,http://www.phillywatersheds.org/what_were_doing/,green_infrastructure/projects/police_forensic
822,Poplar St from 8th St to Franklin St,In Design,Delaware River Watershed,5,Stormwater Tree Trench,Stormwater Tree Trench,$,$,$,$,$,$,$,$,$,$,$,http://www.phillywatersheds.org/what_were_doing/green_infrastructure/tools/stormwater_tree_trench,-75.14981854,39.96788453,http://www.phillywatersheds.org/what_were_doing/,green_infrastructure/tools/stormwater_tree_trench
823,Queen Lane from Henry St to Fox St,Constructed,Schuylkill River Watershed,4,Stormwater Bumpout,$,$,Stormwater Bumpout,$,$,$,$,$,$,$,$,$,http://www.phillywatersheds.org/what_were_doing/green_infrastructure/tools/stormwater_bumpout,-75.18524690,40.01710267,http://www.phillywatersheds.org/what_were_doing/,green_infrastructure/tools/stormwater_bumpout
824,Reese St,Constructed,Delaware River Watershed,7,Stormwater Tree Trench,Stormwater Tree Trench,$,$,$,$,$,$,$,$,$,$,$,http://www.phillywatersheds.org/what_were_doing/green_infrastructure/tools/stormwater_tree_trench,-75.14307801,39.98083043,http://www.phillywatersheds.org/what_were_doing/,green_infrastructure/tools/stormwater_tree_trench
825,Richmond Library,In Design,Delaware River Watershed,1,Rain Garden,Stormwater Tree Trench,$,$,Rain Garden,$,$,$,$,$,$,$,$,http://www.phillywatersheds.org/what_were_doing/green_infrastructure/tools/rain_garden,-75.10834200,39.98281300,http://www.phillywatersheds.org/what_were_doing/,green_infrastructure/tools/rain_garden
826,Ridgewood - 55th to 54th,In Design,Darby Cobbs Watershed,3,Stormwater Tree Trench,Stormwater Tree Trench,$,$,$,$,$,$,$,$,$,$,$,http://www.phillywatersheds.org/what_were_doing/green_infrastructure/tools/stormwater_tree_trench,-75.22998700,39.94146900,http://www.phillywatersheds.org/what_were_doing/,green_infrastructure/tools/stormwater_tree_trench
827,Ridgewood - 55th to 54th,In Design,Darby Cobbs Watershed,3,Stormwater Tree Trench,Stormwater Tree Trench,$,$,$,$,$,$,$,$,$,$,$,http://www.phillywatersheds.org/what_were_doing/green_infrastructure/tools/stormwater_tree_trench,-75.22851100,39.94247600,http://www.phillywatersheds.org/what_were_doing/,green_infrastructure/tools/stormwater_tree_trench
828,Rockland St,Constructed,Tookany-Tacony/Frankford Creek Watershed,8,Infiltration/Storage Trench,$,$,$,$,$,Infiltration Storage Trench,$,$,$,$,$,$,http://www.phillywatersheds.org/what_were_doing/green_infrastructure/tools/infiltration_storage_trench,-75.14503200,40.02736800,http://www.phillywatersheds.org/what_were_doing/,green_infrastructure/tools/infiltration_storage_trench
829,Roosevelt Playground,In Design,Delaware River Watershed,6,Stormwater Planter,Stormwater Tree Trench,Stormwater Planter,$,$,$,Infiltration Storage Trench,$,$,$,$,$,$,http://www.phillywatersheds.org/what_were_doing/green_infrastructure/tools/stormwater-planter,-75.05407389,40.02561648,http://www.phillywatersheds.org/what_were_doing/,green_infrastructure/tools/stormwater-planter
830,Rowen William School,In Design,Tookany-Tacony/Frankford Creek Watershed,9,Stormwater Tree Trench,Stormwater Tree Trench,$,$,$,$,$,$,$,$,$,$,$,http://www.phillywatersheds.org/what_were_doing/green_infrastructure/tools/stormwater_tree_trench,-75.14822100,40.05870500,http://www.phillywatersheds.org/what_were_doing/,green_infrastructure/tools/stormwater_tree_trench
831,Sacks Playground,In Design,Delaware River Watershed,1,Stormwater Tree Trench,Stormwater Tree Trench,$,$,$,$,$,$,$,$,$,$,$,http://www.phillywatersheds.org/what_were_doing/green_infrastructure/tools/stormwater_tree_trench,-75.15167654,39.93393012,http://www.phillywatersheds.org/what_were_doing/,green_infrastructure/tools/stormwater_tree_trench
832,Safe Routes to Schools,In Design,Darby Cobbs Watershed,"3,4",Stormwater Bumpout,$,$,Stormwater Bumpout,$,$,$,$,$,$,$,$,$,http://www.phillywatersheds.org/what_were_doing/green_infrastructure/tools/stormwater_bumpout,-75.26761800,39.97465200,http://www.phillywatersheds.org/what_were_doing/,green_infrastructure/tools/stormwater_bumpout
833,Safe Routes to Schools,In Design,Darby Cobbs Watershed,"3,4",Stormwater Bumpout,$,$,Stormwater Bumpout,$,$,$,$,$,$,$,$,$,http://www.phillywatersheds.org/what_were_doing/green_infrastructure/tools/stormwater_bumpout,-75.25654300,39.98064900,http://www.phillywatersheds.org/what_were_doing/,green_infrastructure/tools/stormwater_bumpout
834,Safe Routes to Schools,In Design,Darby Cobbs Watershed,"3,4",Stormwater Bumpout,$,$,Stormwater Bumpout,$,$,$,$,$,$,$,$,$,http://www.phillywatersheds.org/what_were_doing/green_infrastructure/tools/stormwater_bumpout,-75.25106900,39.98161000,http://www.phillywatersheds.org/what_were_doing/,green_infrastructure/tools/stormwater_bumpout
835,Safe Routes to Schools,In Design,Schuylkill River Watershed,"3,4",Stormwater Bumpout,$,$,Stormwater Bumpout,$,$,$,$,$,$,$,$,$,http://www.phillywatersheds.org/what_were_doing/green_infrastructure/tools/stormwater_bumpout,-75.21388800,39.97131900,http://www.phillywatersheds.org/what_were_doing/,green_infrastructure/tools/stormwater_bumpout
836,Safe Routes to Schools,In Design,Schuylkill River Watershed,"3,4",Stormwater Bumpout,$,$,Stormwater Bumpout,$,$,$,$,$,$,$,$,$,http://www.phillywatersheds.org/what_were_doing/green_infrastructure/tools/stormwater_bumpout,-75.21181400,39.97126700,http://www.phillywatersheds.org/what_were_doing/,green_infrastructure/tools/stormwater_bumpout
721,East Falls Parking Lot,Constructed,Schuylkill River Watershed,4,Rain Garden,$,$,$,Rain Garden,$,$,$,$,$,$,$,$,http://www.phillywatersheds.org/what_were_doing/green_infrastructure/tools/rain_garden,-75.19198236,40.00717411,http://www.phillywatersheds.org/what_were_doing/,green_infrastructure/tools/rain_garden
722,Elmwood Park,In Design,Schuylkill River Watershed,2,Rain Garden,Stormwater Tree Trench,$,$,Rain Garden,$,$,$,$,$,$,$,$,http://www.phillywatersheds.org/what_were_doing/green_infrastructure/tools/rain_garden,-75.23772400,39.91377600,http://www.phillywatersheds.org/what_were_doing/,green_infrastructure/tools/rain_garden
723,Epiphany of Our Lord School,In Design,Delaware River Watershed,1,Infiltration/Storage Trench,$,$,$,$,$,Infiltration Storage Trench,$,$,$,$,$,$,http://www.phillywatersheds.org/what_were_doing/green_infrastructure/tools/infiltration_storage_trench,-75.16758401,39.92260409,http://www.phillywatersheds.org/what_were_doing/,green_infrastructure/tools/infiltration_storage_trench
724,"Federal St, Wharton St, Columbus Square",In Design,Delaware River Watershed,1,Rain Garden,Stormwater Tree Trench,$,$,Rain Garden,$,$,$,$,$,$,$,$,http://www.phillywatersheds.org/what_were_doing/green_infrastructure/tools/rain_garden,-75.16683000,39.93402600,http://www.phillywatersheds.org/what_were_doing/,green_infrastructure/tools/rain_garden
725,"Federal St, Wharton St, Columbus Square",In Design,Delaware River Watershed,1,Rain Garden,Stormwater Tree Trench,$,$,Rain Garden,$,$,$,$,$,$,$,$,http://www.phillywatersheds.org/what_were_doing/green_infrastructure/tools/rain_garden,-75.16647200,39.93556100,http://www.phillywatersheds.org/what_were_doing/,green_infrastructure/tools/rain_garden
726,"Federal St, Wharton St, Columbus Square",In Design,Delaware River Watershed,1,Rain Garden,Stormwater Tree Trench,$,$,Rain Garden,$,$,$,$,$,$,$,$,http://www.phillywatersheds.org/what_were_doing/green_infrastructure/tools/rain_garden,-75.16407500,39.93359800,http://www.phillywatersheds.org/what_were_doing/,green_infrastructure/tools/rain_garden
727,Ferko Playground (Tacony Creek Park),In Design,Tookany-Tacony/Frankford Creek Watershed,7,Rain Garden,Stormwater Tree Trench,$,$,Rain Garden,$,Infiltration Storage Trench,$,Swale,$,$,$,$,http://www.phillywatersheds.org/what_were_doing/green_infrastructure/tools/rain_garden,-75.10340800,40.01462900,http://www.phillywatersheds.org/what_were_doing/,green_infrastructure/tools/rain_garden
728,Finley Playground,In Design,Tookany-Tacony/Frankford Creek Watershed,9,Stormwater Bumpout,Stormwater Tree Trench,$,Stormwater Bumpout,$,$,$,$,$,$,$,$,$,http://www.phillywatersheds.org/what_were_doing/green_infrastructure/tools/stormwater_bumpout,-75.17000100,40.06435500,http://www.phillywatersheds.org/what_were_doing/,green_infrastructure/tools/stormwater_bumpout
729,Francis Scott Key School,In Design,Delaware River Watershed,1,Stormwater Tree Trench,Stormwater Tree Trench,$,$,$,$,Infiltration Storage Trench,$,$,$,$,$,$,http://www.phillywatersheds.org/what_were_doing/green_infrastructure/tools/stormwater_tree_trench,-75.16056126,39.92097392,http://www.phillywatersheds.org/what_were_doing/,green_infrastructure/tools/stormwater_tree_trench
730,Frankford from Placid to Ellie,In Design,Pennypack Creek Watershed,"10,6",Stormwater Tree Trench,Stormwater Tree Trench,$,$,$,$,$,$,$,$,$,$,$,http://www.phillywatersheds.org/what_were_doing/green_infrastructure/tools/stormwater_tree_trench,-75.00788700,40.05238200,http://www.phillywatersheds.org/what_were_doing/,green_infrastructure/tools/stormwater_tree_trench
731,Franklin St from Diamond St to Norris St,In Design,Delaware River Watershed,5,Stormwater Tree Trench,Stormwater Tree Trench,$,$,$,$,$,$,$,$,$,$,$,http://www.phillywatersheds.org/what_were_doing/green_infrastructure/tools/stormwater_tree_trench,-75.14676974,39.98189432,http://www.phillywatersheds.org/what_were_doing/,green_infrastructure/tools/stormwater_tree_trench
732,Frederick Douglass Elementary School,In Design,Delaware River Watershed,5,Stormwater Tree Trench,Stormwater Tree Trench,$,$,$,$,$,$,$,$,$,$,$,http://www.phillywatersheds.org/what_were_doing/green_infrastructure/tools/stormwater_tree_trench,-75.16965208,39.98410367,http://www.phillywatersheds.org/what_were_doing/,green_infrastructure/tools/stormwater_tree_trench
733,Front St,Constructed,Delaware River Watershed,1,Stormwater Tree Trench,Stormwater Tree Trench,$,$,$,$,$,$,$,$,$,$,$,http://www.phillywatersheds.org/what_were_doing/green_infrastructure/tools/stormwater_tree_trench,-75.14593255,39.93189037,http://www.phillywatersheds.org/what_were_doing/,green_infrastructure/tools/stormwater_tree_trench
734,"Galloway, Howard, & Hancock",In Design,Delaware River Watershed,2,Stormwater Tree Trench,Stormwater Tree Trench,$,$,$,$,$,Porous Paving,$,$,$,$,$,http://www.phillywatersheds.org/what_were_doing/green_infrastructure/tools/stormwater_tree_trench,-75.15061600,39.91613000,http://www.phillywatersheds.org/what_were_doing/,green_infrastructure/tools/stormwater_tree_trench
735,"Galloway, Howard, & Hancock",In Design,Delaware River Watershed,2,Stormwater Tree Trench,Stormwater Tree Trench,$,$,$,$,$,Porous Paving,$,$,$,$,$,http://www.phillywatersheds.org/what_were_doing/green_infrastructure/tools/stormwater_tree_trench,-75.15332500,39.91680900,http://www.phillywatersheds.org/what_were_doing/,green_infrastructure/tools/stormwater_tree_trench
736,"Galloway, Howard, & Hancock",In Design,Delaware River Watershed,2,Stormwater Tree Trench,Stormwater Tree Trench,$,$,$,$,$,Porous Paving,$,$,$,$,$,http://www.phillywatersheds.org/what_were_doing/green_infrastructure/tools/stormwater_tree_trench,-75.15010600,39.91607700,http://www.phillywatersheds.org/what_were_doing/,green_infrastructure/tools/stormwater_tree_trench
737,Gathers Recreation Center,In Design,Delaware River Watershed,5,Other,$,$,$,$,$,$,$,$,$,$,$,$,http://www.phillywatersheds.org/what_were_doing/green_infrastructure/tools,-75.17474600,39.98766700,http://www.phillywatersheds.org/what_were_doing/,green_infrastructure/tools
738,"Gaul, Weikel, Witte",In Design,Delaware River Watershed,1,Stormwater Tree Trench,Stormwater Tree Trench,$,$,$,$,$,$,$,$,$,$,$,http://www.phillywatersheds.org/what_were_doing/green_infrastructure/tools/stormwater_tree_trench,-75.09999800,39.99509000,http://www.phillywatersheds.org/what_were_doing/,green_infrastructure/tools/stormwater_tree_trench
739,"Gaul, Weikel, Witte",In Design,Delaware River Watershed,1,Stormwater Tree Trench,Stormwater Tree Trench,$,$,$,$,$,$,$,$,$,$,$,http://www.phillywatersheds.org/what_were_doing/green_infrastructure/tools/stormwater_tree_trench,-75.10185600,39.99318300,http://www.phillywatersheds.org/what_were_doing/,green_infrastructure/tools/stormwater_tree_trench
740,"Gaul, Weikel, Witte",In Design,Delaware River Watershed,1,Stormwater Tree Trench,Stormwater Tree Trench,$,$,$,$,$,$,$,$,$,$,$,http://www.phillywatersheds.org/what_were_doing/green_infrastructure/tools/stormwater_tree_trench,-75.10854200,39.98525300,http://www.phillywatersheds.org/what_were_doing/,green_infrastructure/tools/stormwater_tree_trench
741,"Gaul, Weikel, Witte",In Design,Delaware River Watershed,1,Stormwater Tree Trench,Stormwater Tree Trench,$,$,$,$,$,$,$,$,$,$,$,http://www.phillywatersheds.org/what_were_doing/green_infrastructure/tools/stormwater_tree_trench,-75.11348000,39.98701700,http://www.phillywatersheds.org/what_were_doing/,green_infrastructure/tools/stormwater_tree_trench
742,George W. Nebinger School,In Design,Delaware River Watershed,1,Rain Garden,$,$,$,Rain Garden,$,Infiltration Storage Trench,Porous Paving,$,$,$,$,$,http://www.phillywatersheds.org/what_were_doing/green_infrastructure/tools/rain_garden,-75.15382600,39.93672200,http://www.phillywatersheds.org/what_were_doing/,green_infrastructure/tools/rain_garden
743,Germantown Ave SFR - Phase 5,In Design,Delaware River Watershed,1,Infiltration/Storage Trench,$,$,$,$,$,Infiltration Storage Trench,$,$,$,$,$,$,http://www.phillywatersheds.org/what_were_doing/green_infrastructure/tools/infiltration_storage_trench,-75.13970600,39.96773000,http://www.phillywatersheds.org/what_were_doing/,green_infrastructure/tools/infiltration_storage_trench
744,Germantown Ave Storm Flood Relief,In Design,Delaware River Watershed,1,Stormwater Tree Trench,Stormwater Tree Trench,$,$,$,$,Infiltration Storage Trench,$,$,$,$,$,$,http://www.phillywatersheds.org/what_were_doing/green_infrastructure/tools/stormwater_tree_trench,-75.13970600,39.96773000,http://www.phillywatersheds.org/what_were_doing/,green_infrastructure/tools/stormwater_tree_trench
745,Germantown Ave Storm Flood Relief,In Design,Delaware River Watershed,1,Stormwater Tree Trench,Stormwater Tree Trench,$,$,$,$,$,$,$,$,$,$,Other Project,http://www.phillywatersheds.org/what_were_doing/green_infrastructure/tools/stormwater_tree_trench,-75.14114709,39.97103811,http://www.phillywatersheds.org/what_were_doing/,green_infrastructure/tools/stormwater_tree_trench
746,Greenfield Elementary School,Constructed,Schuylkill River Watershed,2,Rain Garden,$,$,$,Rain Garden,$,$,Porous Paving,$,$,$,$,$,http://www.phillywatersheds.org/what_were_doing/green_infrastructure/tools/rain_garden,-75.17773408,39.95198262,http://www.phillywatersheds.org/what_were_doing/,green_infrastructure/tools/rain_garden
747,Harpers Hollow Park,In Design,Tookany-Tacony/Frankford Creek Watershed,8,Stormwater Basin,$,$,$,$,Stormwater Basin,$,$,$,$,$,$,$,http://www.phillywatersheds.org/what_were_doing/green_infrastructure/tools/stormwater_basin,-75.15113438,40.04158405,http://www.phillywatersheds.org/what_were_doing/,green_infrastructure/tools/stormwater_basin
748,Harrowgate Park,In Design,Delaware River Watershed,1,Rain Garden,$,$,$,Rain Garden,$,$,$,$,$,$,$,$,http://www.phillywatersheds.org/what_were_doing/green_infrastructure/tools/rain_garden,-75.10641800,39.99924500,http://www.phillywatersheds.org/what_were_doing/,green_infrastructure/tools/rain_garden
749,Hartranft School,Constructed,Delaware River Watershed,5,Stormwater Tree Trench,Stormwater Tree Trench,$,$,$,$,$,$,$,$,$,$,$,http://www.phillywatersheds.org/what_were_doing/green_infrastructure/tools/stormwater_tree_trench,-75.14549708,39.98943311,http://www.phillywatersheds.org/what_were_doing/,green_infrastructure/tools/stormwater_tree_trench
750,Herron Playground Basketball Court,Constructed,Delaware River Watershed,1,Porous Paving,$,$,$,$,$,Infiltration Storage Trench,Porous Paving,$,$,$,$,$,http://www.phillywatersheds.org/what_were_doing/green_infrastructure/projects/herron_playground,-75.14884714,39.93076209,http://www.phillywatersheds.org/what_were_doing/,green_infrastructure/projects/herron_playground
751,Hewson St from Blair St to Trenton Ave (Shissler),Constructed,Delaware River Watershed,7,Stormwater Tree Trench,Stormwater Tree Trench,$,$,$,$,$,$,$,$,$,$,$,http://www.phillywatersheds.org/what_were_doing/green_infrastructure/tools/stormwater_tree_trench,-75.13209236,39.97879038,http://www.phillywatersheds.org/what_were_doing/,green_infrastructure/tools/stormwater_tree_trench
752,"Hirst, Ludlow, Robinson",In Design,Darby Cobbs Watershed,3,Stormwater Tree Trench,Stormwater Tree Trench,$,$,$,$,$,Porous Paving,$,$,$,$,$,http://www.phillywatersheds.org/what_were_doing/green_infrastructure/tools/stormwater_tree_trench,-75.24471200,39.96253900,http://www.phillywatersheds.org/what_were_doing/,green_infrastructure/tools/stormwater_tree_trench
753,HM Stanton School,In Design,Delaware River Watershed,5,Stormwater Tree Trench,Stormwater Tree Trench,$,$,$,$,$,$,$,$,$,$,$,http://www.phillywatersheds.org/what_were_doing/green_infrastructure/tools/stormwater_tree_trench,-75.15796480,39.99168212,http://www.phillywatersheds.org/what_were_doing/,green_infrastructure/tools/stormwater_tree_trench
754,Hope St from Berks to Norris,In Design,Delaware River Watershed,7,Porous Paving,$,$,$,$,$,$,Porous Paving,$,$,$,$,$,http://www.phillywatersheds.org/what_were_doing/green_infrastructure/tools/porous_paving,-75.13388610,39.97941122,http://www.phillywatersheds.org/what_were_doing/,green_infrastructure/tools/porous_paving
755,Hope St from Master to Jefferson,In Design,Delaware River Watershed,5,Porous Paving,$,$,$,$,$,$,Porous Paving,$,$,$,$,$,http://www.phillywatersheds.org/what_were_doing/green_infrastructure/tools/porous_paving,-75.13564521,39.97260163,http://www.phillywatersheds.org/what_were_doing/,green_infrastructure/tools/porous_paving
756,Hunting Park,In Design,Tookany-Tacony/Frankford Creek Watershed,5,Stormwater Tree Trench,Stormwater Tree Trench,$,$,$,$,$,$,Swale,$,$,$,$,http://www.phillywatersheds.org/what_were_doing/green_infrastructure/tools/stormwater_tree_trench,-75.14676400,40.01864300,http://www.phillywatersheds.org/what_were_doing/,green_infrastructure/tools/stormwater_tree_trench
757,Hunting Park from Old York Rd to Roosevelt Blvd,In Design,Tookany-Tacony/Frankford Creek Watershed,8,Infiltration/Storage Trench,$,$,$,$,$,Infiltration Storage Trench,$,$,$,$,$,$,http://www.phillywatersheds.org/what_were_doing/green_infrastructure/tools/infiltration_storage_trench,-75.15043894,40.01703110,http://www.phillywatersheds.org/what_were_doing/,green_infrastructure/tools/infiltration_storage_trench
758,Independence Charter School,Constructed,Delaware River Watershed,2,Rain Garden,$,$,$,Rain Garden,$,$,Porous Paving,$,$,$,$,$,http://www.phillywatersheds.org/what_were_doing/green_infrastructure/tools/rain_garden,-75.16894816,39.94493823,http://www.phillywatersheds.org/what_were_doing/,green_infrastructure/tools/rain_garden
759,Ingersoll Commons,In Design,Delaware River Watershed,5,Rain Garden,$,$,$,Rain Garden,$,$,$,$,$,$,$,$,http://www.phillywatersheds.org/what_were_doing/green_infrastructure/tools/rain_garden,-75.16251900,39.97473600,http://www.phillywatersheds.org/what_were_doing/,green_infrastructure/tools/rain_garden
760,Ivy Hills Cemetery,In Design,Tookany-Tacony/Frankford Creek Watershed,9,Swale,$,$,$,$,$,$,$,Swale,$,$,$,$,http://www.phillywatersheds.org/what_were_doing/green_infrastructure/tools,-75.17975800,40.07552800,http://www.phillywatersheds.org/what_were_doing/,green_infrastructure/tools
761,James Rhoads School,In Design,Schuylkill River Watershed,3,Stormwater Tree Trench,Stormwater Tree Trench,$,$,$,$,$,$,$,$,$,$,$,http://www.phillywatersheds.org/what_were_doing/green_infrastructure/tools/stormwater_tree_trench,-75.21956917,39.96741041,http://www.phillywatersheds.org/what_were_doing/,green_infrastructure/tools/stormwater_tree_trench
762,Jefferson Square,Constructed,Delaware River Watershed,1,Rain Garden,$,$,$,Rain Garden,$,$,$,$,$,$,$,$,http://www.phillywatersheds.org/what_were_doing/green_infrastructure/projects/jefferson_square,-75.15049564,39.93413596,http://www.phillywatersheds.org/what_were_doing/,green_infrastructure/projects/jefferson_square
763,John F Kennedy Blvd from 30th St to 32nd St,In Design,Schuylkill River Watershed,3,Stormwater Tree Trench,Stormwater Tree Trench,$,$,$,$,$,$,$,$,$,$,$,http://www.phillywatersheds.org/what_were_doing/green_infrastructure/tools/stormwater_tree_trench,-75.18544557,39.95610686,http://www.phillywatersheds.org/what_were_doing/,green_infrastructure/tools/stormwater_tree_trench
764,Julian Abele Park,In Design,Schuylkill River Watershed,2,Stormwater Tree Trench,Stormwater Tree Trench,$,$,$,$,$,$,$,$,$,$,$,http://www.phillywatersheds.org/what_were_doing/green_infrastructure/tools/stormwater_tree_trench,-75.17930831,39.94090775,http://www.phillywatersheds.org/what_were_doing/,green_infrastructure/tools/stormwater_tree_trench
765,Kemble Park,In Design,Tookany-Tacony/Frankford Creek Watershed,8,Stormwater Basin,$,$,$,$,Stormwater Basin,$,$,$,$,$,$,$,http://www.phillywatersheds.org/what_were_doing/green_infrastructure/tools/stormwater_basin,-75.14829577,40.04046184,http://www.phillywatersheds.org/what_were_doing/,green_infrastructure/tools/stormwater_basin
766,Kenderton Field,In Design,Delaware River Watershed,8,Stormwater Tree Trench,Stormwater Tree Trench,$,$,$,$,$,$,$,$,$,$,$,http://www.phillywatersheds.org/what_were_doing/green_infrastructure/tools/stormwater_tree_trench,-75.16179089,40.00784720,http://www.phillywatersheds.org/what_were_doing/,green_infrastructure/tools/stormwater_tree_trench
767,Kinsey from Tackawanna St to Torresdale St,In Design,Tookany-Tacony/Frankford Creek Watershed,7,Other,$,$,$,$,$,$,$,$,$,$,$,Other Project,http://www.phillywatersheds.org/what_were_doing/green_infrastructure/tools,-75.08261500,40.00986600,http://www.phillywatersheds.org/what_were_doing/,green_infrastructure/tools
768,Kinsey School,In Design,Tookany-Tacony/Frankford Creek Watershed,9,Stormwater Tree Trench,Stormwater Tree Trench,$,$,$,$,$,$,$,$,$,$,$,http://www.phillywatersheds.org/what_were_doing/green_infrastructure/tools/stormwater_tree_trench,-75.15211900,40.05355200,http://www.phillywatersheds.org/what_were_doing/,green_infrastructure/tools/stormwater_tree_trench
769,Lancaster Ave from N 58th St to N 63rd St,Constructed,Schuylkill River Watershed,4,Stormwater Bumpout,Stormwater Tree Trench,$,Stormwater Bumpout,$,$,$,$,Swale,$,$,$,$,http://www.phillywatersheds.org/what_were_doing/green_infrastructure/tools/stormwater_bumpout,-75.24255429,39.98314872,http://www.phillywatersheds.org/what_were_doing/,green_infrastructure/tools/stormwater_bumpout
770,Liberty Lands,Constructed,Delaware River Watershed,1,Rain Garden,$,$,$,Rain Garden,$,$,$,$,$,$,$,$,http://www.phillywatersheds.org/what_were_doing/green_infrastructure/projects/liberty_lands,-75.14196109,39.96643983,http://www.phillywatersheds.org/what_were_doing/,green_infrastructure/projects/liberty_lands
771,Little Sisters of the Poor,In Design,Schuylkill River Watershed,3,Stormwater Tree Trench,Stormwater Tree Trench,$,$,$,$,$,$,$,$,$,$,$,http://www.phillywatersheds.org/what_were_doing/green_infrastructure/tools/stormwater_tree_trench,-75.22161167,39.93967670,http://www.phillywatersheds.org/what_were_doing/,green_infrastructure/tools/stormwater_tree_trench
772,Logan School,In Design,Tookany-Tacony/Frankford Creek Watershed,8,Stormwater Tree Trench,Stormwater Tree Trench,$,$,$,$,$,$,$,$,$,$,$,http://www.phillywatersheds.org/what_were_doing/green_infrastructure/tools/stormwater_tree_trench,-75.15196800,40.03086900,http://www.phillywatersheds.org/what_were_doing/,green_infrastructure/tools/stormwater_tree_trench
773,Longstreth School,In Design,Darby Cobbs Watershed,3,Stormwater Planter,Stormwater Tree Trench,Stormwater Planter,$,$,$,$,$,$,$,$,$,$,http://www.phillywatersheds.org/what_were_doing/green_infrastructure/tools/stormwater-planter,-75.23187873,39.94055286,http://www.phillywatersheds.org/what_were_doing/,green_infrastructure/tools/stormwater-planter
774,Madison Memorial Park,Constructed,Delaware River Watershed,1,Infiltration/Storage Trench,$,$,$,$,$,Infiltration Storage Trench,$,$,$,$,$,$,http://www.phillywatersheds.org/what_were_doing/green_infrastructure/tools/infiltration_storage_trench,-75.14092715,39.96083863,http://www.phillywatersheds.org/what_were_doing/,green_infrastructure/tools/infiltration_storage_trench
775,Magnolia Cemetary,In Design,Delaware River Watershed,6,Stormwater Tree Trench,Stormwater Tree Trench,$,$,$,$,$,$,$,$,$,$,$,http://www.phillywatersheds.org/what_were_doing/green_infrastructure/tools/stormwater_tree_trench,-75.05284738,40.02401668,http://www.phillywatersheds.org/what_were_doing/,green_infrastructure/tools/stormwater_tree_trench
776,Malcolm X Park,In Design,Schuylkill River Watershed,3,Rain Garden,Stormwater Tree Trench,$,$,Rain Garden,$,$,$,$,$,$,$,$,http://www.phillywatersheds.org/what_were_doing/green_infrastructure/tools/rain_garden,-75.22543600,39.95266200,http://www.phillywatersheds.org/what_were_doing/,green_infrastructure/tools/rain_garden
777,Marshall St from Hunting Park Ave to Cayuga St,In Design,Tookany-Tacony/Frankford Creek Watershed,7,Stormwater Tree Trench,Stormwater Tree Trench,$,$,$,$,$,Porous Paving,$,$,$,$,$,http://www.phillywatersheds.org/what_were_doing/green_infrastructure/projects/penn_alexander,-75.13763970,40.01700490,http://www.phillywatersheds.org/what_were_doing/,green_infrastructure/projects/penn_alexander
778,"Marston St, Eyre St, and Taney St",In Design,Schuylkill River Watershed,3,Porous Paving,$,$,$,$,$,Infiltration Storage Trench,Porous Paving,$,$,$,$,$,http://www.phillywatersheds.org/what_were_doing/green_infrastructure/tools/porous_paving,-75.17815700,39.98207300,http://www.phillywatersheds.org/what_were_doing/,green_infrastructure/tools/porous_paving
779,"Marston St, Eyre St, and Taney St",In Design,Schuylkill River Watershed,3,Porous Paving,$,$,$,$,$,Infiltration Storage Trench,Porous Paving,$,$,$,$,$,http://www.phillywatersheds.org/what_were_doing/green_infrastructure/tools/porous_paving,-75.17939600,39.98258400,http://www.phillywatersheds.org/what_were_doing/,green_infrastructure/tools/porous_paving
865,St. James Episcopal Church of Kingesessing,In Design,Darby Cobbs Watershed,2,Stormwater Tree Trench,Stormwater Tree Trench,$,$,$,$,$,$,$,$,$,$,$,http://www.phillywatersheds.org/what_were_doing/green_infrastructure/tools/stormwater_tree_trench,-75.23867800,39.92168600,http://www.phillywatersheds.org/what_were_doing/,green_infrastructure/tools/stormwater_tree_trench
866,St. Monica Manor,In Design,Delaware River Watershed,2,Stormwater Tree Trench,Stormwater Tree Trench,$,$,$,$,$,$,$,$,$,$,$,http://www.phillywatersheds.org/what_were_doing/green_infrastructure/tools/stormwater_tree_trench,-75.15400200,39.91658700,http://www.phillywatersheds.org/what_were_doing/,green_infrastructure/tools/stormwater_tree_trench
867,"Stenton Avenue and Washington Lane, NE Intersection",In Design,Tookany-Tacony/Frankford Creek Watershed,9,Rain Garden,$,$,$,Rain Garden,$,Infiltration Storage Trench,$,$,$,$,$,$,http://www.phillywatersheds.org/what_were_doing/green_infrastructure/tools/rain_garden,-75.16523800,40.05960300,http://www.phillywatersheds.org/what_were_doing/,green_infrastructure/tools/rain_garden
868,Stephen Girard School,In Design,Schuylkill River Watershed,2,Stormwater Tree Trench,Stormwater Tree Trench,$,$,$,$,$,$,$,$,$,$,$,http://www.phillywatersheds.org/what_were_doing/green_infrastructure/tools/stormwater_tree_trench,-75.17672210,39.92470652,http://www.phillywatersheds.org/what_were_doing/,green_infrastructure/tools/stormwater_tree_trench
869,Stokley Playground,In Design,Delaware River Watershed,1,Stormwater Tree Trench,Stormwater Tree Trench,$,$,$,$,$,$,$,$,$,$,$,http://www.phillywatersheds.org/what_were_doing/green_infrastructure/tools/stormwater_tree_trench,-75.10697500,39.98222800,http://www.phillywatersheds.org/what_were_doing/,green_infrastructure/tools/stormwater_tree_trench
780,"Marston St, Eyre St, and Taney St",In Design,Schuylkill River Watershed,3,Porous Paving,$,$,$,$,$,Infiltration Storage Trench,Porous Paving,$,$,$,$,$,http://www.phillywatersheds.org/what_were_doing/green_infrastructure/tools/porous_paving,-75.17950800,39.98203800,http://www.phillywatersheds.org/what_were_doing/,green_infrastructure/tools/porous_paving
781,Martin Luther King Recreation Center,In Design,Delaware River Watershed,5,Stormwater Tree Trench,Stormwater Tree Trench,$,$,$,$,$,$,$,$,$,$,$,http://www.phillywatersheds.org/what_were_doing/green_infrastructure/tools/stormwater_tree_trench,-75.17037874,39.98062125,http://www.phillywatersheds.org/what_were_doing/,green_infrastructure/tools/stormwater_tree_trench
782,Mastery Charter School,In Design,Schuylkill River Watershed,3,Stormwater Tree Trench,Stormwater Tree Trench,$,$,$,$,$,$,$,$,$,$,$,http://www.phillywatersheds.org/what_were_doing/green_infrastructure/tools/stormwater_tree_trench,-75.22846220,39.97601292,http://www.phillywatersheds.org/what_were_doing/,green_infrastructure/tools/stormwater_tree_trench
783,McCreesh Playground / Catharine Elementary School,In Design,Darby Cobbs Watershed,2,Stormwater Tree Trench,Stormwater Tree Trench,$,$,$,$,$,$,$,$,$,$,$,http://www.phillywatersheds.org/what_were_doing/green_infrastructure/tools/stormwater_tree_trench,-75.23906094,39.92734620,http://www.phillywatersheds.org/what_were_doing/,green_infrastructure/tools/stormwater_tree_trench
784,Mill Creek Playground Basketball Court,Constructed,Schuylkill River Watershed,3,Porous Paving,$,$,$,$,$,$,Porous Paving,$,$,$,$,$,http://www.phillywatersheds.org/what_were_doing/green_infrastructure/projects/porous_court_mill_creek,-75.21596083,39.96581352,http://www.phillywatersheds.org/what_were_doing/,green_infrastructure/projects/porous_court_mill_creek
785,Mole St from Fitzwater to Catharine St and Webster St from 16th to 17th,In Design,Delaware River Watershed,2,Porous Paving,$,$,$,$,$,$,Porous Paving,$,$,$,$,$,http://www.phillywatersheds.org/what_were_doing/green_infrastructure/tools/porous_paving,-75.16873715,39.94164693,http://www.phillywatersheds.org/what_were_doing/,green_infrastructure/tools/porous_paving
786,"Mole, Bancroft",In Design,Schuylkill River Watershed,1,Porous Paving,$,$,$,$,$,$,Porous Paving,$,$,$,$,$,http://www.phillywatersheds.org/what_were_doing/green_infrastructure/tools/porous_paving,-75.17363700,39.91910100,http://www.phillywatersheds.org/what_were_doing/,green_infrastructure/tools/porous_paving
787,"Mole, Bancroft",In Design,Schuylkill River Watershed,1,Porous Paving,$,$,$,$,$,$,Porous Paving,$,$,$,$,$,http://www.phillywatersheds.org/what_were_doing/green_infrastructure/tools/porous_paving,-75.17390200,39.92309300,http://www.phillywatersheds.org/what_were_doing/,green_infrastructure/tools/porous_paving
788,"Mole, Bancroft",In Design,Schuylkill River Watershed,1,Porous Paving,$,$,$,$,$,$,Porous Paving,$,$,$,$,$,http://www.phillywatersheds.org/what_were_doing/green_infrastructure/tools/porous_paving,-75.17335500,39.92040700,http://www.phillywatersheds.org/what_were_doing/,green_infrastructure/tools/porous_paving
789,"Mole, Bancroft",In Design,Schuylkill River Watershed,1,Porous Paving,$,$,$,$,$,$,Porous Paving,$,$,$,$,$,http://www.phillywatersheds.org/what_were_doing/green_infrastructure/tools/porous_paving,-75.17496700,39.91811100,http://www.phillywatersheds.org/what_were_doing/,green_infrastructure/tools/porous_paving
790,"Mole, Bancroft",In Design,Schuylkill River Watershed,1,Porous Paving,$,$,$,$,$,$,Porous Paving,$,$,$,$,$,http://www.phillywatersheds.org/what_were_doing/green_infrastructure/tools/porous_paving,-75.17308200,39.92166400,http://www.phillywatersheds.org/what_were_doing/,green_infrastructure/tools/porous_paving
791,"Mole, Bancroft",In Design,Schuylkill River Watershed,1,Porous Paving,$,$,$,$,$,$,Porous Paving,$,$,$,$,$,http://www.phillywatersheds.org/what_were_doing/green_infrastructure/tools/porous_paving,-75.17256400,39.92421700,http://www.phillywatersheds.org/what_were_doing/,green_infrastructure/tools/porous_paving
792,Monkiewicz Playground,In Design,Delaware River Watershed,6,Stormwater Tree Trench,Stormwater Tree Trench,$,$,$,$,$,$,Swale,$,$,$,$,http://www.phillywatersheds.org/what_were_doing/green_infrastructure/tools/stormwater_tree_trench,-75.10026600,39.98322000,http://www.phillywatersheds.org/what_were_doing/,green_infrastructure/tools/stormwater_tree_trench
708,Daroff School,In Design,Darby Cobbs Watershed,4,Stormwater Bumpout,Stormwater Tree Trench,Stormwater Planter,Stormwater Bumpout,$,$,$,$,$,$,$,$,$,http://www.phillywatersheds.org/what_were_doing/green_infrastructure/tools/stormwater_bumpout,-75.23301909,39.96493405,http://www.phillywatersheds.org/what_were_doing/,green_infrastructure/tools/stormwater_bumpout
709,Dauphin from Frankford to Tulip,In Design,Delaware River Watershed,1,Stormwater Tree Trench,Stormwater Tree Trench,$,$,$,$,Infiltration Storage Trench,Porous Paving,$,$,$,$,$,http://www.phillywatersheds.org/what_were_doing/green_infrastructure/tools/stormwater_tree_trench,-75.12794500,39.97981700,http://www.phillywatersheds.org/what_were_doing/,green_infrastructure/tools/stormwater_tree_trench
710,Dendy Recreation Center,In Design,Delaware River Watershed,5,Stormwater Tree Trench,Stormwater Tree Trench,$,$,$,$,$,$,$,$,$,$,$,http://www.phillywatersheds.org/what_were_doing/green_infrastructure/tools/stormwater_tree_trench,-75.15116453,39.97534099,http://www.phillywatersheds.org/what_were_doing/,green_infrastructure/tools/stormwater_tree_trench
711,Diamond St,Constructed,Delaware River Watershed,5,Stormwater Tree Trench,Stormwater Tree Trench,$,$,$,$,$,$,$,$,$,$,$,http://www.phillywatersheds.org/what_were_doing/green_infrastructure/tools/stormwater_tree_trench,-75.17563868,39.98726423,http://www.phillywatersheds.org/what_were_doing/,green_infrastructure/tools/stormwater_tree_trench
712,Diamond St from 25th St to Stillman St,In Design,Delaware River Watershed,5,Stormwater Tree Trench,Stormwater Tree Trench,$,$,$,$,$,$,$,$,$,$,$,http://www.phillywatersheds.org/what_were_doing/green_infrastructure/tools/stormwater_tree_trench,-75.17469690,39.98714043,http://www.phillywatersheds.org/what_were_doing/,green_infrastructure/tools/stormwater_tree_trench
713,Dick Elementary School,In Design,Delaware River Watershed,5,Stormwater Tree Trench,Stormwater Tree Trench,$,$,$,$,$,$,$,$,$,$,$,http://www.phillywatersheds.org/what_were_doing/green_infrastructure/tools/stormwater_tree_trench,-75.17316422,39.98663818,http://www.phillywatersheds.org/what_were_doing/,green_infrastructure/tools/stormwater_tree_trench
714,Dickinson Square,In Design,Delaware River Watershed,1,Stormwater Bumpout,Stormwater Tree Trench,$,Stormwater Bumpout,$,$,Infiltration Storage Trench,$,$,$,$,$,$,http://www.phillywatersheds.org/what_were_doing/green_infrastructure/tools/stormwater_bumpout,-75.15116056,39.92696337,http://www.phillywatersheds.org/what_were_doing/,green_infrastructure/tools/stormwater_bumpout
715,Donald Finnegan Playground,In Design,Schuylkill River Watershed,2,Stormwater Tree Trench,Stormwater Tree Trench,$,$,$,$,$,$,$,$,$,$,$,http://www.phillywatersheds.org/what_were_doing/green_infrastructure/tools/stormwater_tree_trench,-75.19336724,39.93861243,http://www.phillywatersheds.org/what_were_doing/,green_infrastructure/tools/stormwater_tree_trench
716,Dorsey Playground,In Design,Delaware River Watershed,6,Stormwater Tree Trench,Stormwater Tree Trench,$,$,$,$,$,$,$,$,$,$,$,http://www.phillywatersheds.org/what_were_doing/green_infrastructure/tools/stormwater_tree_trench,-75.04813004,40.02159782,http://www.phillywatersheds.org/what_were_doing/,green_infrastructure/tools/stormwater_tree_trench
717,Drexel College of Media Arts & Design,In Design,Schuylkill River Watershed,3,Stormwater Tree Trench,Stormwater Tree Trench,$,$,$,$,$,$,$,$,$,$,$,http://www.phillywatersheds.org/what_were_doing/green_infrastructure/tools/stormwater_tree_trench,-75.19227306,39.95677497,http://www.phillywatersheds.org/what_were_doing/,green_infrastructure/tools/stormwater_tree_trench
718,E.H. Vare Middle School,In Design,Schuylkill River Watershed,2,Stormwater Tree Trench,Stormwater Tree Trench,$,$,$,$,$,$,$,$,$,$,$,http://www.phillywatersheds.org/what_were_doing/green_infrastructure/tools/stormwater_tree_trench,-75.18537078,39.92574316,http://www.phillywatersheds.org/what_were_doing/,green_infrastructure/tools/stormwater_tree_trench
719,Eadom Parking Lot,Constructed,Delaware River Watershed,6,Rain Garden,$,$,$,Rain Garden,$,$,$,$,$,$,$,$,http://www.phillywatersheds.org/what_were_doing/green_infrastructure/tools/rain_garden,-75.06806700,40.01046400,http://www.phillywatersheds.org/what_were_doing/,green_infrastructure/tools/rain_garden
720,Earl St (Hetzell Playground),Constructed,Delaware River Watershed,5,Stormwater Tree Trench,Stormwater Tree Trench,$,$,$,$,$,$,$,$,$,$,$,http://www.phillywatersheds.org/what_were_doing/green_infrastructure/tools/stormwater_tree_trench,-75.13044667,39.97230892,http://www.phillywatersheds.org/what_were_doing/,green_infrastructure/tools/stormwater_tree_trench
669,Benjamin Franklin Pkwy from 16th St to 19th St,In Design,Schuylkill River Watershed,5,Infiltration/Storage Trench,$,$,$,$,$,Infiltration Storage Trench,$,$,$,$,$,$,http://www.phillywatersheds.org/what_were_doing/green_infrastructure/tools/infiltration_storage_trench,-75.16780327,39.95593684,http://www.phillywatersheds.org/what_were_doing/,green_infrastructure/tools/infiltration_storage_trench
670,Benson Park,In Design,Delaware River Watershed,7,Stormwater Planter,$,Stormwater Planter,$,$,$,Infiltration Storage Trench,Porous Paving,$,$,$,$,$,http://www.phillywatersheds.org/what_were_doing/green_infrastructure/tools/stormwater-planter,-75.14282600,39.97351900,http://www.phillywatersheds.org/what_were_doing/,green_infrastructure/tools/stormwater-planter
671,Blackwell Homes,Constructed,Schuylkill River Watershed,3,Infiltration/Storage Trench,$,$,$,$,$,Infiltration Storage Trench,$,$,$,$,$,Other Project,http://www.phillywatersheds.org/what_were_doing/traditional_infrastructure/projects/blackwell_homes,-75.21516295,39.96418947,http://www.phillywatersheds.org/what_were_doing/,traditional_infrastructure/projects/blackwell_homes
672,Blair St from Hewson to Palmer (Shissler),Constructed,Delaware River Watershed,7,Stormwater Tree Trench,Stormwater Tree Trench,$,$,$,$,$,$,$,$,$,$,$,http://www.phillywatersheds.org/what_were_doing/green_infrastructure/tools/stormwater_tree_trench,-75.13191087,39.97809808,http://www.phillywatersheds.org/what_were_doing/,green_infrastructure/tools/stormwater_tree_trench
673,Blue Bell Inn Triangle,In Design,Darby Cobbs Watershed,2,Rain Garden,$,$,$,Rain Garden,$,$,$,$,$,$,$,$,http://www.phillywatersheds.org/what_were_doing/green_infrastructure/tools/rain_garden,-75.24586571,39.91763963,http://www.phillywatersheds.org/what_were_doing/,green_infrastructure/tools/rain_garden
674,Bodine High School,In Design,Delaware River Watershed,1,Stormwater Planter,Stormwater Tree Trench,Stormwater Planter,$,$,$,Infiltration Storage Trench,$,$,$,$,$,$,http://www.phillywatersheds.org/what_were_doing/green_infrastructure/tools/stormwater-planter,-75.14305224,39.96817569,http://www.phillywatersheds.org/what_were_doing/,green_infrastructure/tools/stormwater-planter
675,Bridesburg Recreation Center and Bridesburg School,In Design,Delaware River Watershed,6,Rain Garden,Stormwater Tree Trench,$,$,Rain Garden,$,$,$,$,$,$,$,$,http://www.phillywatersheds.org/what_were_doing/green_infrastructure/tools/rain_garden,-75.06720070,39.99932781,http://www.phillywatersheds.org/what_were_doing/,green_infrastructure/tools/rain_garden
676,Bryant Elementary School,In Design,Darby Cobbs Watershed,3,Stormwater Tree Trench,Stormwater Tree Trench,$,$,$,$,$,$,$,$,$,$,$,http://www.phillywatersheds.org/what_were_doing/green_infrastructure/tools/stormwater_tree_trench,-75.24362872,39.95296716,http://www.phillywatersheds.org/what_were_doing/,green_infrastructure/tools/stormwater_tree_trench
677,Bureau of Laboratory Services,Constructed,Tookany-Tacony/Frankford Creek Watershed,7,Stormwater Planter,Stormwater Tree Trench,Stormwater Planter,$,$,$,$,$,$,$,$,$,$,http://www.phillywatersheds.org/what_were_doing/green_infrastructure/tools/stormwater-planter,-75.09731427,40.00929438,http://www.phillywatersheds.org/what_were_doing/,green_infrastructure/tools/stormwater-planter
678,Bustleton Ave (Tiger III),In Design,Delaware River Watershed,"6,7",Stormwater Tree Trench,Stormwater Tree Trench,$,$,$,$,$,$,$,$,$,$,$,http://www.phillywatersheds.org/what_were_doing/green_infrastructure/tools/stormwater_tree_trench,-75.06434600,40.04168800,http://www.phillywatersheds.org/what_were_doing/,green_infrastructure/tools/stormwater_tree_trench
679,Callowhill Stormwater Trees,In Design,Delaware River Watershed,1,Other,$,$,$,$,$,$,$,$,$,$,$,Other Project,http://www.phillywatersheds.org/what_were_doing/green_infrastructure/tools,-75.14642000,39.95775000,http://www.phillywatersheds.org/what_were_doing/,green_infrastructure/tools
680,"Camac St, Iseminger St, Juniper St, McClellan St, Pierce St, Watkins St",In Design,Delaware River Watershed,1,Porous Paving,$,$,$,$,$,$,Porous Paving,$,$,$,$,$,http://www.phillywatersheds.org/what_were_doing/green_infrastructure/tools/porous_paving,-75.16427500,39.92825900,http://www.phillywatersheds.org/what_were_doing/,green_infrastructure/tools/porous_paving
681,"Camac St, Iseminger St, Juniper St, McClellan St, Pierce St, Watkins St",In Design,Delaware River Watershed,1,Porous Paving,$,$,$,$,$,$,Porous Paving,$,$,$,$,$,http://www.phillywatersheds.org/what_were_doing/green_infrastructure/tools/porous_paving,-75.16440300,39.92792100,http://www.phillywatersheds.org/what_were_doing/,green_infrastructure/tools/porous_paving
682,"Camac St, Iseminger St, Juniper St, McClellan St, Pierce St, Watkins St",In Design,Delaware River Watershed,1,Porous Paving,$,$,$,$,$,$,Porous Paving,$,$,$,$,$,http://www.phillywatersheds.org/what_were_doing/green_infrastructure/tools/porous_paving,-75.16592700,39.92705700,http://www.phillywatersheds.org/what_were_doing/,green_infrastructure/tools/porous_paving
683,"Camac St, Iseminger St, Juniper St, McClellan St, Pierce St, Watkins St",In Design,Delaware River Watershed,1,Porous Paving,$,$,$,$,$,$,Porous Paving,$,$,$,$,$,http://www.phillywatersheds.org/what_were_doing/green_infrastructure/tools/porous_paving,-75.16597000,39.92851400,http://www.phillywatersheds.org/what_were_doing/,green_infrastructure/tools/porous_paving
684,"Camac St, Iseminger St, Juniper St, McClellan St, Pierce St, Watkins St",In Design,Delaware River Watershed,1,Porous Paving,$,$,$,$,$,$,Porous Paving,$,$,$,$,$,http://www.phillywatersheds.org/what_were_doing/green_infrastructure/tools/porous_paving,-75.16796400,39.92747700,http://www.phillywatersheds.org/what_were_doing/,green_infrastructure/tools/porous_paving
685,"Carlisle, Hicks, and Mole",In Design,Schuylkill River Watershed,2,Porous Paving,$,$,$,$,$,$,Porous Paving,$,$,$,$,$,http://www.phillywatersheds.org/what_were_doing/green_infrastructure/tools/porous_paving,-75.17067900,39.93264400,http://www.phillywatersheds.org/what_were_doing/,green_infrastructure/tools/porous_paving
686,"Carlisle, Hicks, and Mole",In Design,Schuylkill River Watershed,2,Porous Paving,$,$,$,$,$,$,Porous Paving,$,$,$,$,$,http://www.phillywatersheds.org/what_were_doing/green_infrastructure/tools/porous_paving,-75.16914500,39.93132700,http://www.phillywatersheds.org/what_were_doing/,green_infrastructure/tools/porous_paving
687,"Carlisle, Hicks, and Mole",In Design,Schuylkill River Watershed,2,Porous Paving,$,$,$,$,$,$,Porous Paving,$,$,$,$,$,http://www.phillywatersheds.org/what_were_doing/green_infrastructure/tools/porous_paving,-75.17022300,39.93258600,http://www.phillywatersheds.org/what_were_doing/,green_infrastructure/tools/porous_paving
688,Carmella Playground/Warren G Harding School/White Hall Commons,In Design,Delaware River Watershed,1,Stormwater Tree Trench,Stormwater Tree Trench,$,$,$,$,$,$,$,$,$,$,$,http://www.phillywatersheds.org/what_were_doing/green_infrastructure/tools/stormwater_tree_trench,-75.07511691,40.01269529,http://www.phillywatersheds.org/what_were_doing/,green_infrastructure/tools/stormwater_tree_trench
689,Cassidy Elementary School,In Design,Darby Cobbs Watershed,4,Stormwater Tree Trench,Stormwater Tree Trench,$,$,$,$,$,$,$,$,$,$,$,http://www.phillywatersheds.org/what_were_doing/green_infrastructure/tools/stormwater_tree_trench,-75.25076698,39.97552211,http://www.phillywatersheds.org/what_were_doing/,green_infrastructure/tools/stormwater_tree_trench
690,Cecil B Moore - 31st to 32nd,In Design,Schuylkill River Watershed,5,Infiltration/Storage Trench,$,$,$,$,$,Infiltration Storage Trench,$,$,$,$,$,$,http://www.phillywatersheds.org/what_were_doing/green_infrastructure/tools/infiltration_storage_trench,-75.18657800,39.98241700,http://www.phillywatersheds.org/what_were_doing/,green_infrastructure/tools/infiltration_storage_trench
691,Cecil B Moore Recreation Center,In Design,Delaware River Watershed,5,Stormwater Bumpout,Stormwater Tree Trench,$,Stormwater Bumpout,$,$,$,$,$,$,$,$,$,http://www.phillywatersheds.org/what_were_doing/green_infrastructure/tools/stormwater_bumpout,-75.16616326,39.99429170,http://www.phillywatersheds.org/what_were_doing/,green_infrastructure/tools/stormwater_bumpout
692,Chelten Hills Cemetery,In Design,Tookany-Tacony/Frankford Creek Watershed,9,Stormwater Tree Trench,Stormwater Tree Trench,$,$,$,$,$,$,Swale,$,$,$,$,http://www.phillywatersheds.org/what_were_doing/green_infrastructure/tools/stormwater_tree_trench,-75.16413100,40.06512300,http://www.phillywatersheds.org/what_were_doing/,green_infrastructure/tools/stormwater_tree_trench
693,Chew Playground,In Design,Schuylkill River Watershed,2,Stormwater Bumpout,Stormwater Tree Trench,$,Stormwater Bumpout,$,$,$,$,$,$,$,$,$,http://www.phillywatersheds.org/what_were_doing/green_infrastructure/tools/stormwater_bumpout,-75.17411884,39.93822721,http://www.phillywatersheds.org/what_were_doing/,green_infrastructure/tools/stormwater_bumpout
694,Christy Recreation Center,In Design,Darby Cobbs Watershed,3,Stormwater Tree Trench,Stormwater Tree Trench,$,$,$,$,$,$,$,$,$,$,$,http://www.phillywatersheds.org/what_were_doing/green_infrastructure/tools/stormwater_tree_trench,-75.23489969,39.94878964,http://www.phillywatersheds.org/what_were_doing/,green_infrastructure/tools/stormwater_tree_trench
695,Clark Park Basketball Court,Constructed,Schuylkill River Watershed,3,Infiltration/Storage Trench,$,$,$,$,$,Infiltration Storage Trench,$,$,$,$,$,$,http://www.phillywatersheds.org/what_were_doing/green_infrastructure/projects/clark_park,-75.20925973,39.94675833,http://www.phillywatersheds.org/what_were_doing/,green_infrastructure/projects/clark_park
696,Cleveland/Gratz/Greene/Roberts,In Design,Tookany-Tacony/Frankford Creek Watershed,1,Stormwater Tree Trench,Stormwater Tree Trench,$,$,$,$,$,$,$,$,$,$,$,http://www.phillywatersheds.org/what_were_doing/green_infrastructure/tools/stormwater_tree_trench,-75.15875100,40.02147300,http://www.phillywatersheds.org/what_were_doing/,green_infrastructure/tools/stormwater_tree_trench
697,Cleveland/Gratz/Greene/Roberts,In Design,Tookany-Tacony/Frankford Creek Watershed,1,Stormwater Tree Trench,Stormwater Tree Trench,$,$,$,$,$,$,$,$,$,$,$,http://www.phillywatersheds.org/what_were_doing/green_infrastructure/tools/stormwater_tree_trench,-75.15805900,40.02151800,http://www.phillywatersheds.org/what_were_doing/,green_infrastructure/tools/stormwater_tree_trench
698,Cleveland/Gratz/Greene/Roberts,In Design,Tookany-Tacony/Frankford Creek Watershed,1,Stormwater Tree Trench,Stormwater Tree Trench,$,$,$,$,$,$,$,$,$,$,$,http://www.phillywatersheds.org/what_were_doing/green_infrastructure/tools/stormwater_tree_trench,-75.15883100,40.02125700,http://www.phillywatersheds.org/what_were_doing/,green_infrastructure/tools/stormwater_tree_trench
699,Clifford from 31st to Montgomery,In Design,Schuylkill River Watershed,5,Porous Paving,$,$,$,$,$,$,Porous Paving,$,$,$,$,$,http://www.phillywatersheds.org/what_were_doing/green_infrastructure/tools/porous_paving,-75.18432000,39.98319000,http://www.phillywatersheds.org/what_were_doing/,green_infrastructure/tools/porous_paving
700,Cliveden Park,Constructed,Tookany-Tacony/Frankford Creek Watershed,8,Rain Garden,$,$,$,Rain Garden,$,$,$,$,$,$,$,$,http://www.phillywatersheds.org/what_were_doing/green_infrastructure/projects/cliveden_park,-75.17718670,40.05174974,http://www.phillywatersheds.org/what_were_doing/,green_infrastructure/projects/cliveden_park
701,Cloud St from Church St to Waln St,In Design,Tookany-Tacony/Frankford Creek Watershed,7,Porous Paving,$,$,$,$,$,$,Porous Paving,$,$,$,$,$,http://www.phillywatersheds.org/what_were_doing/green_infrastructure/tools/porous_paving,-75.08530600,40.01014400,http://www.phillywatersheds.org/what_were_doing/,green_infrastructure/tools/porous_paving
702,Cobbs Creek Park (Reaches 6-8),In Design,Darby Cobbs Watershed,3,Rain Garden,Stormwater Tree Trench,$,$,Rain Garden,$,$,$,Swale,$,$,$,$,http://www.phillywatersheds.org/what_were_doing/waterways_restoration/projects/marshall_road,-75.24913800,39.95261600,http://www.phillywatersheds.org/what_were_doing/,waterways_restoration/projects/marshall_road
703,Collazo Park,In Design,Delaware River Watershed,7,Other,$,$,$,$,$,$,$,$,$,$,$,$,http://www.phillywatersheds.org/what_were_doing/green_infrastructure/tools,-75.13015900,40.00235500,http://www.phillywatersheds.org/what_were_doing/,green_infrastructure/tools
704,"Collins, Tulip, and Agate",In Design,Delaware River Watershed,1,Stormwater Tree Trench,Stormwater Tree Trench,$,$,$,$,$,$,$,$,$,$,Other Project,http://www.phillywatersheds.org/what_were_doing/green_infrastructure/tools/stormwater_tree_trench,-75.10805500,39.99260800,http://www.phillywatersheds.org/what_were_doing/,green_infrastructure/tools/stormwater_tree_trench
705,"Collins, Tulip, and Agate",In Design,Delaware River Watershed,1,Stormwater Tree Trench,Stormwater Tree Trench,$,$,$,$,$,$,$,$,$,$,Other Project,http://www.phillywatersheds.org/what_were_doing/green_infrastructure/tools/stormwater_tree_trench,-75.10977200,39.98837400,http://www.phillywatersheds.org/what_were_doing/,green_infrastructure/tools/stormwater_tree_trench
706,Columbus Square,Constructed,Delaware River Watershed,1,Stormwater Planter,$,Stormwater Planter,$,$,$,Infiltration Storage Trench,$,$,$,$,$,$,http://www.phillywatersheds.org/what_were_doing/green_infrastructure/tools/stormwater-planter,-75.16558248,39.93293936,http://www.phillywatersheds.org/what_were_doing/,green_infrastructure/tools/stormwater-planter
707,Connell Park,In Design,Schuylkill River Watershed,2,Stormwater Tree Trench,Stormwater Tree Trench,$,$,$,$,$,$,$,$,$,$,$,http://www.phillywatersheds.org/what_were_doing/green_infrastructure/tools/stormwater_tree_trench,-75.23044600,39.92326800,http://www.phillywatersheds.org/what_were_doing/,green_infrastructure/tools/stormwater_tree_trench
579,10th St from Wilder St to Reed St,In Design,Delaware River Watershed,1,Stormwater Tree Trench,Stormwater Tree Trench,$,$,$,$,$,$,$,$,$,$,$,http://www.phillywatersheds.org/what_were_doing/green_infrastructure/tools/stormwater_tree_trench,-75.16107752,39.93130670,http://www.phillywatersheds.org/what_were_doing/,green_infrastructure/tools/stormwater_tree_trench
580,12th St and Reed St (Columbus Square),In Design,Delaware River Watershed,1,Rain Garden,$,$,$,Rain Garden,$,Infiltration Storage Trench,$,$,$,$,$,$,http://www.phillywatersheds.org/what_were_doing/green_infrastructure/tools/rain_garden,-75.16419871,39.93250884,http://www.phillywatersheds.org/what_were_doing/,green_infrastructure/tools/rain_garden
581,12th St from Dickinson St to Tasker St,In Design,Delaware River Watershed,1,Stormwater Planter,Stormwater Tree Trench,Stormwater Planter,$,$,$,$,$,$,$,$,$,$,http://www.phillywatersheds.org/what_were_doing/green_infrastructure/tools/stormwater-planter,-75.16453339,39.93063563,http://www.phillywatersheds.org/what_were_doing/,green_infrastructure/tools/stormwater-planter
582,16th St between Passyunk Ave and Jackson St,Constructed,Schuylkill River Watershed,2,Stormwater Tree Trench,Stormwater Tree Trench,$,$,$,$,$,$,$,$,$,$,$,http://www.phillywatersheds.org/what_were_doing/green_infrastructure/tools/stormwater_tree_trench,-75.17301943,39.92452431,http://www.phillywatersheds.org/what_were_doing/,green_infrastructure/tools/stormwater_tree_trench
583,21st St from Venango to Pacific,In Design,Delaware River Watershed,5,Stormwater Tree Trench,Stormwater Tree Trench,$,$,$,$,$,$,$,$,$,$,$,http://www.phillywatersheds.org/what_were_doing/green_infrastructure/tools/stormwater_tree_trench,-75.16298034,40.00939349,http://www.phillywatersheds.org/what_were_doing/,green_infrastructure/tools/stormwater_tree_trench
584,27th St from Indiana to Toronto,In Design,Schuylkill River Watershed,4,Stormwater Tree Trench,Stormwater Tree Trench,$,$,$,$,$,$,$,$,$,$,$,http://www.phillywatersheds.org/what_were_doing/green_infrastructure/tools/stormwater_tree_trench,-75.17441831,40.00167236,http://www.phillywatersheds.org/what_were_doing/,green_infrastructure/tools/stormwater_tree_trench
585,29th & Cambria PWD Facility Employee Parking Lot,In Design,Schuylkill River Watershed,4,Stormwater Planter,Stormwater Tree Trench,Stormwater Planter,$,$,$,Infiltration Storage Trench,$,$,$,$,$,$,http://www.phillywatersheds.org/what_were_doing/green_infrastructure/tools/stormwater-planter,-75.17749734,39.99954795,http://www.phillywatersheds.org/what_were_doing/,green_infrastructure/tools/stormwater-planter
586,29th and Chalmers Playground,In Design,Delaware River Watershed,4,Stormwater Bumpout,Stormwater Tree Trench,$,Stormwater Bumpout,$,$,$,$,$,$,$,$,$,http://www.phillywatersheds.org/what_were_doing/green_infrastructure/tools/stormwater_bumpout,-75.17989600,39.99814500,http://www.phillywatersheds.org/what_were_doing/,green_infrastructure/tools/stormwater_bumpout
587,31st - Cecil B Moore to Montgomery,In Design,Schuylkill River Watershed,5,Stormwater Tree Trench,Stormwater Tree Trench,$,$,$,$,Infiltration Storage Trench,$,$,$,$,$,$,http://www.phillywatersheds.org/what_were_doing/green_infrastructure/tools/stormwater_tree_trench,-75.18498500,39.98313000,http://www.phillywatersheds.org/what_were_doing/,green_infrastructure/tools/stormwater_tree_trench
588,3rd St and Fairmount Ave Intersection,In Design,Delaware River Watershed,1,Stormwater Bumpout,Stormwater Tree Trench,$,Stormwater Bumpout,$,$,$,$,$,$,$,$,$,http://www.phillywatersheds.org/what_were_doing/green_infrastructure/tools/stormwater_bumpout,-75.14308782,39.96235140,http://www.phillywatersheds.org/what_were_doing/,green_infrastructure/tools/stormwater_bumpout
589,40th and Baltimore,In Design,Schuylkill River Watershed,3,Stormwater Tree Trench,Stormwater Tree Trench,$,$,$,$,$,$,$,$,$,$,$,http://www.phillywatersheds.org/what_were_doing/green_infrastructure/tools/stormwater_tree_trench,-75.20321744,39.94955008,http://www.phillywatersheds.org/what_were_doing/,green_infrastructure/tools/stormwater_tree_trench
590,42nd and Lancaster,In Design,Schuylkill River Watershed,3,Stormwater Tree Trench,Stormwater Tree Trench,$,$,$,$,$,$,$,$,$,$,$,http://www.phillywatersheds.org/what_were_doing/green_infrastructure/tools/stormwater_tree_trench,-75.20785115,39.96683096,http://www.phillywatersheds.org/what_were_doing/,green_infrastructure/tools/stormwater_tree_trench
591,47th & Grays Ferry,Constructed,Schuylkill River Watershed,3,Rain Garden,$,$,$,Rain Garden,$,$,$,$,$,$,$,$,http://www.phillywatersheds.org/what_were_doing/green_infrastructure/projects/traffic_triangle_47th_grays,-75.20879250,39.94143423,http://www.phillywatersheds.org/what_were_doing/,green_infrastructure/projects/traffic_triangle_47th_grays
592,"52nd, 53rd, Gainor, and Diamond",In Design,Schuylkill River Watershed,4,Stormwater Tree Trench,Stormwater Tree Trench,$,$,$,$,$,$,$,$,$,$,$,http://www.phillywatersheds.org/what_were_doing/green_infrastructure/tools/stormwater_tree_trench,-75.22955800,39.98918800,http://www.phillywatersheds.org/what_were_doing/,green_infrastructure/tools/stormwater_tree_trench
641,56th from Greenway to Paschall,In Design,Schuylkill River Watershed,3,Stormwater Tree Trench,Stormwater Tree Trench,$,$,$,$,Infiltration Storage Trench,$,$,$,$,$,$,http://www.phillywatersheds.org/what_were_doing/green_infrastructure/tools/stormwater_tree_trench,-75.22172300,39.93447200,http://www.phillywatersheds.org/what_were_doing/,green_infrastructure/tools/stormwater_tree_trench
642,58th St Connector,In Design,Darby Cobbs Watershed,2,Rain Garden,Stormwater Tree Trench,$,$,Rain Garden,$,$,$,$,$,$,$,$,http://www.phillywatersheds.org/what_were_doing/green_infrastructure/tools/rain_garden,-75.22855167,39.93561552,http://www.phillywatersheds.org/what_were_doing/,green_infrastructure/tools/rain_garden
643,"59th, Vodges",In Design,Darby Cobbs Watershed,2,Stormwater Tree Trench,Stormwater Tree Trench,$,$,$,$,$,Porous Paving,$,$,$,$,$,http://www.phillywatersheds.org/what_were_doing/green_infrastructure/tools/stormwater_tree_trench,-75.23019500,39.93511200,http://www.phillywatersheds.org/what_were_doing/,green_infrastructure/tools/stormwater_tree_trench
644,"59th, Vodges",In Design,Darby Cobbs Watershed,2,Stormwater Tree Trench,Stormwater Tree Trench,$,$,$,$,$,Porous Paving,$,$,$,$,$,http://www.phillywatersheds.org/what_were_doing/green_infrastructure/tools/stormwater_tree_trench,-75.22993200,39.93568600,http://www.phillywatersheds.org/what_were_doing/,green_infrastructure/tools/stormwater_tree_trench
645,"59th, Vodges",In Design,Schuylkill River Watershed,2,Stormwater Tree Trench,Stormwater Tree Trench,$,$,$,$,$,Porous Paving,$,$,$,$,$,http://www.phillywatersheds.org/what_were_doing/green_infrastructure/tools/stormwater_tree_trench,-75.22035300,39.93454000,http://www.phillywatersheds.org/what_were_doing/,green_infrastructure/tools/stormwater_tree_trench
646,"59th, Vodges",In Design,Darby Cobbs Watershed,2,Stormwater Tree Trench,Stormwater Tree Trench,$,$,$,$,$,Porous Paving,$,$,$,$,$,http://www.phillywatersheds.org/what_were_doing/green_infrastructure/tools/stormwater_tree_trench,-75.22915300,39.93038900,http://www.phillywatersheds.org/what_were_doing/,green_infrastructure/tools/stormwater_tree_trench
647,"59th, Vodges",In Design,Darby Cobbs Watershed,2,Stormwater Tree Trench,Stormwater Tree Trench,$,$,$,$,$,Porous Paving,$,$,$,$,$,http://www.phillywatersheds.org/what_were_doing/green_infrastructure/tools/stormwater_tree_trench,-75.23030900,39.93503800,http://www.phillywatersheds.org/what_were_doing/,green_infrastructure/tools/stormwater_tree_trench
648,73rd and Grays,In Design,Darby Cobbs Watershed,2,Stormwater Tree Trench,Stormwater Tree Trench,$,$,$,$,$,$,$,$,$,$,$,http://www.phillywatersheds.org/what_were_doing/green_infrastructure/tools/stormwater_tree_trench,-75.24313000,39.91536600,http://www.phillywatersheds.org/what_were_doing/,green_infrastructure/tools/stormwater_tree_trench
649,8th St,Constructed,Delaware River Watershed,5,Stormwater Tree Trench,Stormwater Tree Trench,$,$,$,$,$,$,$,$,$,$,$,http://www.phillywatersheds.org/what_were_doing/green_infrastructure/tools/stormwater_tree_trench,-75.15035900,39.96854500,http://www.phillywatersheds.org/what_were_doing/,green_infrastructure/tools/stormwater_tree_trench
650,9th St,Constructed,Delaware River Watershed,5,Stormwater Tree Trench,Stormwater Tree Trench,$,$,$,$,$,$,$,$,$,$,$,http://www.phillywatersheds.org/what_were_doing/green_infrastructure/tools/stormwater_tree_trench,-75.15177689,39.96639426,http://www.phillywatersheds.org/what_were_doing/,green_infrastructure/tools/stormwater_tree_trench
651,"9th St, Hoffman St, Mifflin St, Percy St, Pierce St",In Design,Delaware River Watershed,1,Stormwater Tree Trench,Stormwater Tree Trench,$,$,$,$,$,Porous Paving,$,$,$,$,$,http://www.phillywatersheds.org/what_were_doing/green_infrastructure/tools/stormwater_tree_trench,-75.16121300,39.92752900,http://www.phillywatersheds.org/what_were_doing/,green_infrastructure/tools/stormwater_tree_trench
652,"9th St, Hoffman St, Mifflin St, Percy St, Pierce St",In Design,Delaware River Watershed,1,Stormwater Tree Trench,Stormwater Tree Trench,$,$,$,$,$,Porous Paving,$,$,$,$,$,http://www.phillywatersheds.org/what_were_doing/green_infrastructure/tools/stormwater_tree_trench,-75.16246800,39.92046600,http://www.phillywatersheds.org/what_were_doing/,green_infrastructure/tools/stormwater_tree_trench
653,"9th St, Hoffman St, Mifflin St, Percy St, Pierce St",In Design,Delaware River Watershed,1,Stormwater Tree Trench,Stormwater Tree Trench,$,$,$,$,$,Porous Paving,$,$,$,$,$,http://www.phillywatersheds.org/what_were_doing/green_infrastructure/tools/stormwater_tree_trench,-75.16066300,39.92625700,http://www.phillywatersheds.org/what_were_doing/,green_infrastructure/tools/stormwater_tree_trench
654,A.S. Jenks School,In Design,Delaware River Watershed,1,Stormwater Tree Trench,Stormwater Tree Trench,$,$,$,$,Infiltration Storage Trench,$,$,$,$,$,$,http://www.phillywatersheds.org/what_were_doing/green_infrastructure/tools/stormwater_tree_trench,-75.16830083,39.91881853,http://www.phillywatersheds.org/what_were_doing/,green_infrastructure/tools/stormwater_tree_trench
655,Adams Ave from Ruan to Factory,In Design,Tookany-Tacony/Frankford Creek Watershed,7,Stormwater Bumpout,Stormwater Tree Trench,$,Stormwater Bumpout,$,$,$,$,$,$,$,$,$,http://www.phillywatersheds.org/what_were_doing/green_infrastructure/tools/stormwater_bumpout,-75.09256100,40.01312100,http://www.phillywatersheds.org/what_were_doing/,green_infrastructure/tools/stormwater_bumpout
656,Alder St from Norris St to Diamond St,In Design,Delaware River Watershed,5,Stormwater Tree Trench,Stormwater Tree Trench,$,$,$,$,$,$,$,$,$,$,$,http://www.phillywatersheds.org/what_were_doing/green_infrastructure/tools/stormwater_tree_trench,-75.15058095,39.98255200,http://www.phillywatersheds.org/what_were_doing/,green_infrastructure/tools/stormwater_tree_trench
657,Allens Lane Art Center Basketball Court,Constructed,Wissahickon Creek Watershed,8,Porous Paving,$,$,$,$,$,$,Porous Paving,$,$,$,$,$,http://www.phillywatersheds.org/what_were_doing/green_infrastructure/projects/allens_lane_porous,-75.20091138,40.05280705,http://www.phillywatersheds.org/what_were_doing/,green_infrastructure/projects/allens_lane_porous
658,Andrew Hamilton School,In Design,Schuylkill River Watershed,4,Stormwater Planter,Stormwater Tree Trench,Stormwater Planter,$,$,$,$,$,$,$,$,$,$,http://www.phillywatersheds.org/what_were_doing/green_infrastructure/tools/stormwater-planter,-75.23463714,39.96680477,http://www.phillywatersheds.org/what_were_doing/,green_infrastructure/tools/stormwater-planter
659,Anna B. Day School,In Design,Tookany-Tacony/Frankford Creek Watershed,8,Stormwater Tree Trench,Stormwater Tree Trench,$,$,$,$,$,$,$,$,$,$,$,http://www.phillywatersheds.org/what_were_doing/green_infrastructure/tools/stormwater_tree_trench,-75.16861912,40.05808288,http://www.phillywatersheds.org/what_were_doing/,green_infrastructure/tools/stormwater_tree_trench
660,Awbury Arboretum,Constructed,Tookany-Tacony/Frankford Creek Watershed,8,Swale,$,$,$,$,$,$,$,Swale,$,$,$,$,http://www.phillywatersheds.org/what_were_doing/waterways_restoration/projects/awbury_arboretum,-75.17084759,40.05229867,http://www.phillywatersheds.org/what_were_doing/,waterways_restoration/projects/awbury_arboretum
661,Baltimore Ave Island from S 60th St to Wharton St,In Design,Darby Cobbs Watershed,3,Stormwater Tree Trench,Stormwater Tree Trench,$,$,$,$,$,$,$,$,$,$,$,http://www.phillywatersheds.org/what_were_doing/green_infrastructure/tools/stormwater_tree_trench,-75.24423729,39.94455354,http://www.phillywatersheds.org/what_were_doing/,green_infrastructure/tools/stormwater_tree_trench
662,Barry Playground,In Design,Schuylkill River Watershed,2,Stormwater Tree Trench,Stormwater Tree Trench,$,$,$,$,$,$,$,$,$,$,$,http://www.phillywatersheds.org/what_were_doing/green_infrastructure/tools/stormwater_tree_trench,-75.17892265,39.91577519,http://www.phillywatersheds.org/what_were_doing/,green_infrastructure/tools/stormwater_tree_trench
663,Barton School,In Design,Tookany-Tacony/Frankford Creek Watershed,7,Stormwater Tree Trench,Stormwater Tree Trench,$,$,$,$,$,$,$,$,$,$,$,http://www.phillywatersheds.org/what_were_doing/green_infrastructure/tools/stormwater_tree_trench,-75.11914933,40.02056064,http://www.phillywatersheds.org/what_were_doing/,green_infrastructure/tools/stormwater_tree_trench
664,Beeber Middle School,In Design,Schuylkill River Watershed,4,Stormwater Tree Trench,Stormwater Tree Trench,$,$,$,$,$,$,$,$,$,$,$,http://www.phillywatersheds.org/what_were_doing/green_infrastructure/tools/stormwater_tree_trench,-75.24214593,39.98648922,http://www.phillywatersheds.org/what_were_doing/,green_infrastructure/tools/stormwater_tree_trench
665,Belfield Ave from Chew Ave to Walnut Ln,Constructed,Tookany-Tacony/Frankford Creek Watershed,8,Stormwater Tree Trench,Stormwater Tree Trench,$,$,$,$,$,$,$,$,$,$,$,http://www.phillywatersheds.org/what_were_doing/green_infrastructure/tools/stormwater_tree_trench,-75.17197812,40.04882817,http://www.phillywatersheds.org/what_were_doing/,green_infrastructure/tools/stormwater_tree_trench
666,Belgrade St and Marlborough St,In Design,Delaware River Watershed,5,Infiltration/Storage Trench,$,$,$,$,$,Infiltration Storage Trench,$,$,$,$,$,$,http://www.phillywatersheds.org/what_were_doing/green_infrastructure/tools/infiltration_storage_trench,-75.13336538,39.97266289,http://www.phillywatersheds.org/what_were_doing/,green_infrastructure/tools/infiltration_storage_trench
667,Belmont School,In Design,Schuylkill River Watershed,3,Stormwater Tree Trench,Stormwater Tree Trench,$,$,$,$,$,$,$,$,$,$,$,http://www.phillywatersheds.org/what_were_doing/green_infrastructure/tools/stormwater_tree_trench,-75.20481630,39.96665693,http://www.phillywatersheds.org/what_were_doing/,green_infrastructure/tools/stormwater_tree_trench
668,Benjamin Franklin Parkway from 21st St to 23rd St,Constructed,Schuylkill River Watershed,5,Infiltration/Storage Trench,$,$,$,$,$,Infiltration Storage Trench,$,$,$,$,$,$,http://www.phillywatersheds.org/what_were_doing/green_infrastructure/tools/infiltration_storage_trench,-75.17507519,39.96125675,http://www.phillywatersheds.org/what_were_doing/,green_infrastructure/tools/infiltration_storage_trench
